{"tilemap": {"3;6": {"type": "sand_normal", "variant": 8, "pos": [3, 6]}, "4;5": {"type": "sand_normal", "variant": 1, "pos": [4, 5]}, "6;5": {"type": "sand_normal", "variant": 1, "pos": [6, 5]}, "8;5": {"type": "sand_normal", "variant": 8, "pos": [8, 5]}, "10;5": {"type": "sand_normal", "variant": 1, "pos": [10, 5]}, "12;5": {"type": "sand_normal", "variant": 1, "pos": [12, 5]}, "14;5": {"type": "sand_normal", "variant": 1, "pos": [14, 5]}, "15;5": {"type": "sand_normal", "variant": 1, "pos": [15, 5]}, "16;6": {"type": "sand_normal", "variant": 8, "pos": [16, 6]}, "17;6": {"type": "sand_normal", "variant": 3, "pos": [17, 6]}, "17;7": {"type": "sand_normal", "variant": 4, "pos": [17, 7]}, "16;7": {"type": "sand_normal", "variant": 5, "pos": [16, 7]}, "15;7": {"type": "sand_normal", "variant": 5, "pos": [15, 7]}, "14;7": {"type": "sand_normal", "variant": 5, "pos": [14, 7]}, "13;7": {"type": "sand_normal", "variant": 5, "pos": [13, 7]}, "11;7": {"type": "sand_normal", "variant": 5, "pos": [11, 7]}, "10;6": {"type": "sand_normal", "variant": 8, "pos": [10, 6]}, "9;6": {"type": "sand_normal", "variant": 8, "pos": [9, 6]}, "8;6": {"type": "sand_normal", "variant": 8, "pos": [8, 6]}, "7;5": {"type": "sand_normal", "variant": 8, "pos": [7, 5]}, "5;5": {"type": "sand_normal", "variant": 1, "pos": [5, 5]}, "2;6": {"type": "sand_normal", "variant": 7, "pos": [2, 6]}, "4;6": {"type": "sand_normal", "variant": 8, "pos": [4, 6]}, "5;6": {"type": "sand_normal", "variant": 8, "pos": [5, 6]}, "6;6": {"type": "sand_normal", "variant": 8, "pos": [6, 6]}, "7;6": {"type": "sand_normal", "variant": 8, "pos": [7, 6]}, "3;5": {"type": "sand_normal", "variant": 1, "pos": [3, 5]}, "2;5": {"type": "sand_normal", "variant": 0, "pos": [2, 5]}, "9;5": {"type": "sand_normal", "variant": 1, "pos": [9, 5]}, "11;5": {"type": "sand_normal", "variant": 1, "pos": [11, 5]}, "13;5": {"type": "sand_normal", "variant": 1, "pos": [13, 5]}, "16;5": {"type": "sand_normal", "variant": 1, "pos": [16, 5]}, "12;7": {"type": "sand_normal", "variant": 5, "pos": [12, 7]}, "10;7": {"type": "sand_normal", "variant": 5, "pos": [10, 7]}, "9;7": {"type": "sand_normal", "variant": 5, "pos": [9, 7]}, "8;7": {"type": "sand_normal", "variant": 5, "pos": [8, 7]}, "7;7": {"type": "sand_normal", "variant": 5, "pos": [7, 7]}, "6;7": {"type": "sand_normal", "variant": 5, "pos": [6, 7]}, "3;7": {"type": "sand_normal", "variant": 5, "pos": [3, 7]}, "2;7": {"type": "sand_normal", "variant": 6, "pos": [2, 7]}, "4;7": {"type": "sand_normal", "variant": 5, "pos": [4, 7]}, "5;7": {"type": "sand_normal", "variant": 5, "pos": [5, 7]}, "11;6": {"type": "sand_normal", "variant": 8, "pos": [11, 6]}, "12;6": {"type": "sand_normal", "variant": 8, "pos": [12, 6]}, "13;6": {"type": "sand_normal", "variant": 8, "pos": [13, 6]}, "14;6": {"type": "sand_normal", "variant": 8, "pos": [14, 6]}, "15;6": {"type": "sand_normal", "variant": 8, "pos": [15, 6]}, "17;5": {"type": "sand_normal", "variant": 2, "pos": [17, 5]}, "6;4": {"type": "spawners", "variant": 0, "pos": [6, 4]}, "16;4": {"type": "spawners", "variant": 2, "pos": [16, 4]}, "12;4": {"type": "spawners", "variant": 2, "pos": [12, 4]}, "10;4": {"type": "spawners", "variant": 2, "pos": [10, 4]}, "7;4": {"type": "sand_normal", "variant": 0, "pos": [7, 4]}, "8;4": {"type": "sand_normal", "variant": 2, "pos": [8, 4]}}, "tile_size": 16, "offgrid": []}