{"tilemap": {"0;2": {"type": "grass", "variant": 0, "pos": [0, 2]}, "1;2": {"type": "grass", "variant": 1, "pos": [1, 2]}, "2;2": {"type": "grass", "variant": 1, "pos": [2, 2]}, "3;2": {"type": "grass", "variant": 1, "pos": [3, 2]}, "4;2": {"type": "grass", "variant": 1, "pos": [4, 2]}, "5;2": {"type": "grass", "variant": 2, "pos": [5, 2]}, "5;3": {"type": "grass", "variant": 3, "pos": [5, 3]}, "5;4": {"type": "grass", "variant": 4, "pos": [5, 4]}, "4;4": {"type": "grass", "variant": 5, "pos": [4, 4]}, "3;4": {"type": "grass", "variant": 5, "pos": [3, 4]}, "3;3": {"type": "grass", "variant": 8, "pos": [3, 3]}, "2;3": {"type": "grass", "variant": 8, "pos": [2, 3]}, "1;3": {"type": "grass", "variant": 8, "pos": [1, 3]}, "0;3": {"type": "grass", "variant": 7, "pos": [0, 3]}, "4;3": {"type": "grass", "variant": 8, "pos": [4, 3]}, "2;4": {"type": "grass", "variant": 5, "pos": [2, 4]}, "1;4": {"type": "grass", "variant": 5, "pos": [1, 4]}, "0;4": {"type": "grass", "variant": 6, "pos": [0, 4]}, "3;10": {"type": "grass", "variant": 8, "pos": [3, 10]}, "2;10": {"type": "grass", "variant": 8, "pos": [2, 10]}, "4;10": {"type": "grass", "variant": 8, "pos": [4, 10]}, "3;9": {"type": "grass", "variant": 1, "pos": [3, 9]}, "2;9": {"type": "grass", "variant": 1, "pos": [2, 9]}, "1;10": {"type": "grass", "variant": 8, "pos": [1, 10]}, "4;9": {"type": "grass", "variant": 1, "pos": [4, 9]}, "1;9": {"type": "grass", "variant": 1, "pos": [1, 9]}, "2;11": {"type": "grass", "variant": 5, "pos": [2, 11]}, "3;11": {"type": "grass", "variant": 5, "pos": [3, 11]}, "4;11": {"type": "grass", "variant": 5, "pos": [4, 11]}, "1;11": {"type": "grass", "variant": 5, "pos": [1, 11]}, "2;8": {"type": "spawners", "variant": 1, "pos": [2, 8]}, "2;1": {"type": "spawners", "variant": 0, "pos": [2, 1]}, "5;9": {"type": "grass", "variant": 1, "pos": [5, 9]}, "5;10": {"type": "grass", "variant": 8, "pos": [5, 10]}, "6;10": {"type": "grass", "variant": 8, "pos": [6, 10]}, "5;11": {"type": "grass", "variant": 5, "pos": [5, 11]}, "6;11": {"type": "grass", "variant": 5, "pos": [6, 11]}, "6;9": {"type": "grass", "variant": 1, "pos": [6, 9]}, "9;9": {"type": "grass", "variant": 1, "pos": [9, 9]}, "9;10": {"type": "grass", "variant": 8, "pos": [9, 10]}, "11;10": {"type": "grass", "variant": 8, "pos": [11, 10]}, "10;10": {"type": "grass", "variant": 8, "pos": [10, 10]}, "10;9": {"type": "grass", "variant": 1, "pos": [10, 9]}, "11;9": {"type": "grass", "variant": 1, "pos": [11, 9]}, "10;0": {"type": "grass", "variant": 0, "pos": [10, 0]}, "10;1": {"type": "grass", "variant": 7, "pos": [10, 1]}, "11;1": {"type": "grass", "variant": 8, "pos": [11, 1]}, "11;2": {"type": "grass", "variant": 5, "pos": [11, 2]}, "12;1": {"type": "grass", "variant": 8, "pos": [12, 1]}, "13;1": {"type": "grass", "variant": 3, "pos": [13, 1]}, "12;0": {"type": "grass", "variant": 1, "pos": [12, 0]}, "11;0": {"type": "grass", "variant": 1, "pos": [11, 0]}, "10;2": {"type": "grass", "variant": 6, "pos": [10, 2]}, "12;2": {"type": "grass", "variant": 5, "pos": [12, 2]}, "13;2": {"type": "grass", "variant": 4, "pos": [13, 2]}, "13;0": {"type": "grass", "variant": 2, "pos": [13, 0]}, "7;9": {"type": "grass", "variant": 1, "pos": [7, 9]}, "8;9": {"type": "grass", "variant": 1, "pos": [8, 9]}, "8;10": {"type": "grass", "variant": 8, "pos": [8, 10]}, "7;10": {"type": "grass", "variant": 8, "pos": [7, 10]}, "7;11": {"type": "grass", "variant": 5, "pos": [7, 11]}, "8;11": {"type": "grass", "variant": 5, "pos": [8, 11]}, "0;9": {"type": "grass", "variant": 8, "pos": [0, 9]}, "0;8": {"type": "grass", "variant": 2, "pos": [0, 8]}, "-1;8": {"type": "grass", "variant": 1, "pos": [-1, 8]}, "-2;8": {"type": "grass", "variant": 1, "pos": [-2, 8]}, "-2;9": {"type": "grass", "variant": 8, "pos": [-2, 9]}, "-1;9": {"type": "grass", "variant": 8, "pos": [-1, 9]}, "0;10": {"type": "grass", "variant": 8, "pos": [0, 10]}, "-1;10": {"type": "grass", "variant": 8, "pos": [-1, 10]}, "-2;10": {"type": "grass", "variant": 5, "pos": [-2, 10]}, "-3;10": {"type": "grass", "variant": 5, "pos": [-3, 10]}, "-3;9": {"type": "grass", "variant": 8, "pos": [-3, 9]}, "-3;8": {"type": "grass", "variant": 1, "pos": [-3, 8]}, "0;11": {"type": "grass", "variant": 5, "pos": [0, 11]}, "-1;11": {"type": "grass", "variant": 6, "pos": [-1, 11]}, "-4;8": {"type": "grass", "variant": 1, "pos": [-4, 8]}, "-4;9": {"type": "grass", "variant": 8, "pos": [-4, 9]}, "-4;10": {"type": "grass", "variant": 6, "pos": [-4, 10]}, "-5;8": {"type": "grass", "variant": 0, "pos": [-5, 8]}, "-5;9": {"type": "grass", "variant": 6, "pos": [-5, 9]}, "12;9": {"type": "grass", "variant": 1, "pos": [12, 9]}, "12;10": {"type": "grass", "variant": 8, "pos": [12, 10]}, "10;11": {"type": "grass", "variant": 5, "pos": [10, 11]}, "9;11": {"type": "grass", "variant": 5, "pos": [9, 11]}, "11;11": {"type": "grass", "variant": 5, "pos": [11, 11]}, "12;11": {"type": "grass", "variant": 5, "pos": [12, 11]}, "13;11": {"type": "grass", "variant": 5, "pos": [13, 11]}, "13;10": {"type": "grass", "variant": 8, "pos": [13, 10]}, "14;10": {"type": "grass", "variant": 3, "pos": [14, 10]}, "14;9": {"type": "grass", "variant": 2, "pos": [14, 9]}, "13;9": {"type": "grass", "variant": 1, "pos": [13, 9]}, "14;11": {"type": "grass", "variant": 4, "pos": [14, 11]}, "8;5": {"type": "grass", "variant": 0, "pos": [8, 5]}, "9;5": {"type": "grass", "variant": 1, "pos": [9, 5]}, "10;5": {"type": "grass", "variant": 2, "pos": [10, 5]}, "10;6": {"type": "grass", "variant": 4, "pos": [10, 6]}, "9;6": {"type": "grass", "variant": 5, "pos": [9, 6]}, "8;6": {"type": "grass", "variant": 6, "pos": [8, 6]}}, "tile_size": 16, "offgrid": [{"type": "large_decor", "variant": 0, "pos": [-2.0, 3.5]}, {"type": "large_decor", "variant": 0, "pos": [63.5, 3.0]}, {"type": "large_decor", "variant": 7, "pos": [17.0, -27.0]}, {"type": "decor", "variant": 0, "pos": [133.5, 74.0]}, {"type": "decor", "variant": 0, "pos": [161.0, 75.0]}, {"type": "decor", "variant": 0, "pos": [60.5, 27.0]}, {"type": "decor", "variant": 0, "pos": [50.0, 28.5]}, {"type": "decor", "variant": 7, "pos": [138.0, 72.0]}, {"type": "decor", "variant": 6, "pos": [152.0, 73.0]}, {"type": "decor", "variant": 5, "pos": [164.5, 71.0]}, {"type": "large_decor", "variant": 6, "pos": [130.0, 67.0]}, {"type": "large_decor", "variant": 6, "pos": [153.5, 69.0]}, {"type": "large_decor", "variant": 5, "pos": [157.5, -28.5]}, {"type": "large_decor", "variant": 5, "pos": [191.0, -28.0]}, {"type": "large_decor", "variant": 4, "pos": [175.5, -27.0]}, {"type": "large_decor", "variant": 4, "pos": [131.0, 51.0]}, {"type": "large_decor", "variant": 7, "pos": [173.5, 85.0]}, {"type": "large_decor", "variant": 5, "pos": [-19.0, 99.5]}, {"type": "large_decor", "variant": 4, "pos": [-33.0, 99.5]}, {"type": "large_decor", "variant": 3, "pos": [-26.5, 96.0]}, {"type": "large_decor", "variant": 0, "pos": [-46.0, 97.5]}, {"type": "large_decor", "variant": 0, "pos": [-53.0, 100.0]}, {"type": "large_decor", "variant": 6, "pos": [-54.0, 118.0]}, {"type": "large_decor", "variant": 2, "pos": [81.0, 114.5]}, {"type": "large_decor", "variant": 1, "pos": [45.0, 116.5]}, {"type": "large_decor", "variant": 3, "pos": [29.5, 113.5]}, {"type": "large_decor", "variant": 3, "pos": [98.0, 113.5]}]}