{"tilemap": {"3;6": {"type": "sand_normal", "variant": 8, "pos": [3, 6]}, "4;5": {"type": "sand_normal", "variant": 1, "pos": [4, 5]}, "6;5": {"type": "sand_normal", "variant": 1, "pos": [6, 5]}, "8;5": {"type": "sand_normal", "variant": 1, "pos": [8, 5]}, "10;5": {"type": "sand_normal", "variant": 1, "pos": [10, 5]}, "12;5": {"type": "sand_normal", "variant": 1, "pos": [12, 5]}, "14;5": {"type": "sand_normal", "variant": 1, "pos": [14, 5]}, "15;5": {"type": "sand_normal", "variant": 1, "pos": [15, 5]}, "16;6": {"type": "sand_normal", "variant": 8, "pos": [16, 6]}, "17;6": {"type": "sand_normal", "variant": 8, "pos": [17, 6]}, "17;7": {"type": "sand_normal", "variant": 5, "pos": [17, 7]}, "16;7": {"type": "sand_normal", "variant": 5, "pos": [16, 7]}, "15;7": {"type": "sand_normal", "variant": 5, "pos": [15, 7]}, "14;7": {"type": "sand_normal", "variant": 5, "pos": [14, 7]}, "13;7": {"type": "sand_normal", "variant": 5, "pos": [13, 7]}, "11;7": {"type": "sand_normal", "variant": 5, "pos": [11, 7]}, "10;6": {"type": "sand_normal", "variant": 8, "pos": [10, 6]}, "9;6": {"type": "sand_normal", "variant": 8, "pos": [9, 6]}, "8;6": {"type": "sand_normal", "variant": 8, "pos": [8, 6]}, "7;5": {"type": "sand_normal", "variant": 1, "pos": [7, 5]}, "5;5": {"type": "sand_normal", "variant": 1, "pos": [5, 5]}, "2;6": {"type": "sand_normal", "variant": 7, "pos": [2, 6]}, "4;6": {"type": "sand_normal", "variant": 8, "pos": [4, 6]}, "5;6": {"type": "sand_normal", "variant": 8, "pos": [5, 6]}, "6;6": {"type": "sand_normal", "variant": 8, "pos": [6, 6]}, "7;6": {"type": "sand_normal", "variant": 8, "pos": [7, 6]}, "3;5": {"type": "sand_normal", "variant": 1, "pos": [3, 5]}, "2;5": {"type": "sand_normal", "variant": 0, "pos": [2, 5]}, "9;5": {"type": "sand_normal", "variant": 1, "pos": [9, 5]}, "11;5": {"type": "sand_normal", "variant": 1, "pos": [11, 5]}, "13;5": {"type": "sand_normal", "variant": 1, "pos": [13, 5]}, "16;5": {"type": "sand_normal", "variant": 1, "pos": [16, 5]}, "12;7": {"type": "sand_normal", "variant": 5, "pos": [12, 7]}, "10;7": {"type": "sand_normal", "variant": 5, "pos": [10, 7]}, "9;7": {"type": "sand_normal", "variant": 5, "pos": [9, 7]}, "8;7": {"type": "sand_normal", "variant": 5, "pos": [8, 7]}, "7;7": {"type": "sand_normal", "variant": 5, "pos": [7, 7]}, "6;7": {"type": "sand_normal", "variant": 5, "pos": [6, 7]}, "3;7": {"type": "sand_normal", "variant": 5, "pos": [3, 7]}, "2;7": {"type": "sand_normal", "variant": 6, "pos": [2, 7]}, "4;7": {"type": "sand_normal", "variant": 5, "pos": [4, 7]}, "5;7": {"type": "sand_normal", "variant": 5, "pos": [5, 7]}, "11;6": {"type": "sand_normal", "variant": 8, "pos": [11, 6]}, "12;6": {"type": "sand_normal", "variant": 8, "pos": [12, 6]}, "13;6": {"type": "sand_normal", "variant": 8, "pos": [13, 6]}, "14;6": {"type": "sand_normal", "variant": 8, "pos": [14, 6]}, "15;6": {"type": "sand_normal", "variant": 8, "pos": [15, 6]}, "17;5": {"type": "sand_normal", "variant": 1, "pos": [17, 5]}, "16;4": {"type": "spawners", "variant": 2, "pos": [16, 4]}, "12;4": {"type": "spawners", "variant": 2, "pos": [12, 4]}, "10;4": {"type": "spawners", "variant": 2, "pos": [10, 4]}, "18;5": {"type": "sand_normal", "variant": 1, "pos": [18, 5]}, "19;5": {"type": "sand_normal", "variant": 1, "pos": [19, 5]}, "20;5": {"type": "sand_normal", "variant": 1, "pos": [20, 5]}, "21;5": {"type": "sand_normal", "variant": 1, "pos": [21, 5]}, "22;5": {"type": "sand_normal", "variant": 1, "pos": [22, 5]}, "23;5": {"type": "sand_normal", "variant": 1, "pos": [23, 5]}, "24;5": {"type": "sand_normal", "variant": 1, "pos": [24, 5]}, "24;6": {"type": "sand_normal", "variant": 8, "pos": [24, 6]}, "23;6": {"type": "sand_normal", "variant": 8, "pos": [23, 6]}, "22;6": {"type": "sand_normal", "variant": 8, "pos": [22, 6]}, "21;6": {"type": "sand_normal", "variant": 8, "pos": [21, 6]}, "20;6": {"type": "sand_normal", "variant": 8, "pos": [20, 6]}, "19;6": {"type": "sand_normal", "variant": 8, "pos": [19, 6]}, "18;6": {"type": "sand_normal", "variant": 8, "pos": [18, 6]}, "18;7": {"type": "sand_normal", "variant": 5, "pos": [18, 7]}, "19;7": {"type": "sand_normal", "variant": 5, "pos": [19, 7]}, "20;7": {"type": "sand_normal", "variant": 5, "pos": [20, 7]}, "21;7": {"type": "sand_normal", "variant": 5, "pos": [21, 7]}, "22;7": {"type": "sand_normal", "variant": 5, "pos": [22, 7]}, "23;7": {"type": "sand_normal", "variant": 5, "pos": [23, 7]}, "24;7": {"type": "sand_normal", "variant": 5, "pos": [24, 7]}, "17;-1": {"type": "sand_orange", "variant": 0, "pos": [17, -1]}, "17;0": {"type": "sand_orange", "variant": 7, "pos": [17, 0]}, "18;0": {"type": "sand_orange", "variant": 8, "pos": [18, 0]}, "19;0": {"type": "sand_orange", "variant": 3, "pos": [19, 0]}, "19;-1": {"type": "sand_orange", "variant": 2, "pos": [19, -1]}, "18;-1": {"type": "sand_orange", "variant": 1, "pos": [18, -1]}, "17;1": {"type": "sand_orange", "variant": 6, "pos": [17, 1]}, "18;1": {"type": "sand_orange", "variant": 5, "pos": [18, 1]}, "19;1": {"type": "sand_orange", "variant": 4, "pos": [19, 1]}, "14;-5": {"type": "sand_normal", "variant": 2, "pos": [14, -5]}, "13;-5": {"type": "sand_normal", "variant": 1, "pos": [13, -5]}, "12;-5": {"type": "sand_normal", "variant": 1, "pos": [12, -5]}, "11;-5": {"type": "sand_normal", "variant": 0, "pos": [11, -5]}, "11;-4": {"type": "sand_normal", "variant": 6, "pos": [11, -4]}, "12;-4": {"type": "sand_normal", "variant": 8, "pos": [12, -4]}, "13;-4": {"type": "sand_normal", "variant": 8, "pos": [13, -4]}, "14;-4": {"type": "sand_normal", "variant": 4, "pos": [14, -4]}, "11;1": {"type": "sand_normal", "variant": 8, "pos": [11, 1]}, "10;0": {"type": "sand_normal", "variant": 0, "pos": [10, 0]}, "10;1": {"type": "sand_normal", "variant": 7, "pos": [10, 1]}, "11;2": {"type": "sand_normal", "variant": 5, "pos": [11, 2]}, "12;1": {"type": "sand_normal", "variant": 3, "pos": [12, 1]}, "12;0": {"type": "sand_normal", "variant": 2, "pos": [12, 0]}, "10;2": {"type": "sand_normal", "variant": 6, "pos": [10, 2]}, "12;2": {"type": "sand_normal", "variant": 4, "pos": [12, 2]}, "5;1": {"type": "sand_normal", "variant": 5, "pos": [5, 1]}, "4;1": {"type": "sand_normal", "variant": 6, "pos": [4, 1]}, "4;0": {"type": "sand_normal", "variant": 7, "pos": [4, 0]}, "4;-1": {"type": "sand_normal", "variant": 0, "pos": [4, -1]}, "5;-1": {"type": "sand_normal", "variant": 1, "pos": [5, -1]}, "6;-1": {"type": "sand_normal", "variant": 2, "pos": [6, -1]}, "6;0": {"type": "sand_normal", "variant": 3, "pos": [6, 0]}, "5;0": {"type": "sand_normal", "variant": 8, "pos": [5, 0]}, "6;1": {"type": "sand_normal", "variant": 4, "pos": [6, 1]}, "-6;0": {"type": "sand_normal", "variant": 1, "pos": [-6, 0]}, "-7;0": {"type": "sand_normal", "variant": 1, "pos": [-7, 0]}, "-8;0": {"type": "sand_normal", "variant": 1, "pos": [-8, 0]}, "-9;1": {"type": "sand_normal", "variant": 8, "pos": [-9, 1]}, "-10;1": {"type": "sand_normal", "variant": 7, "pos": [-10, 1]}, "-10;2": {"type": "sand_normal", "variant": 7, "pos": [-10, 2]}, "-10;3": {"type": "sand_normal", "variant": 6, "pos": [-10, 3]}, "-9;3": {"type": "sand_normal", "variant": 5, "pos": [-9, 3]}, "-8;3": {"type": "sand_normal", "variant": 8, "pos": [-8, 3]}, "-7;4": {"type": "sand_normal", "variant": 5, "pos": [-7, 4]}, "-6;4": {"type": "sand_normal", "variant": 4, "pos": [-6, 4]}, "-5;3": {"type": "sand_normal", "variant": 5, "pos": [-5, 3]}, "-4;3": {"type": "sand_normal", "variant": 4, "pos": [-4, 3]}, "-4;2": {"type": "sand_normal", "variant": 3, "pos": [-4, 2]}, "-4;1": {"type": "sand_normal", "variant": 3, "pos": [-4, 1]}, "-5;1": {"type": "sand_normal", "variant": 8, "pos": [-5, 1]}, "-6;1": {"type": "sand_normal", "variant": 8, "pos": [-6, 1]}, "-7;1": {"type": "sand_normal", "variant": 8, "pos": [-7, 1]}, "-7;2": {"type": "sand_normal", "variant": 8, "pos": [-7, 2]}, "-7;3": {"type": "sand_normal", "variant": 8, "pos": [-7, 3]}, "-6;3": {"type": "sand_normal", "variant": 8, "pos": [-6, 3]}, "-9;2": {"type": "sand_normal", "variant": 8, "pos": [-9, 2]}, "-8;2": {"type": "sand_normal", "variant": 8, "pos": [-8, 2]}, "-8;1": {"type": "sand_normal", "variant": 8, "pos": [-8, 1]}, "-6;2": {"type": "sand_normal", "variant": 8, "pos": [-6, 2]}, "-5;2": {"type": "sand_normal", "variant": 8, "pos": [-5, 2]}, "-8;4": {"type": "sand_normal", "variant": 6, "pos": [-8, 4]}, "-5;0": {"type": "sand_normal", "variant": 1, "pos": [-5, 0]}, "-4;0": {"type": "sand_normal", "variant": 2, "pos": [-4, 0]}, "-9;0": {"type": "sand_normal", "variant": 1, "pos": [-9, 0]}, "-10;0": {"type": "sand_normal", "variant": 0, "pos": [-10, 0]}, "-1;5": {"type": "sand_orange", "variant": 4, "pos": [-1, 5]}, "-1;4": {"type": "sand_orange", "variant": 3, "pos": [-1, 4]}, "-1;3": {"type": "sand_orange", "variant": 2, "pos": [-1, 3]}, "-2;3": {"type": "sand_orange", "variant": 0, "pos": [-2, 3]}, "-2;4": {"type": "sand_orange", "variant": 7, "pos": [-2, 4]}, "-2;5": {"type": "sand_orange", "variant": 6, "pos": [-2, 5]}, "-2;-10": {"type": "sand_normal", "variant": 1, "pos": [-2, -10]}, "-3;-10": {"type": "sand_normal", "variant": 0, "pos": [-3, -10]}, "-3;-9": {"type": "sand_normal", "variant": 7, "pos": [-3, -9]}, "-3;-8": {"type": "sand_normal", "variant": 7, "pos": [-3, -8]}, "-3;-7": {"type": "sand_normal", "variant": 6, "pos": [-3, -7]}, "-2;-7": {"type": "sand_normal", "variant": 5, "pos": [-2, -7]}, "-1;-7": {"type": "sand_normal", "variant": 5, "pos": [-1, -7]}, "0;-7": {"type": "sand_normal", "variant": 4, "pos": [0, -7]}, "0;-8": {"type": "sand_normal", "variant": 3, "pos": [0, -8]}, "0;-9": {"type": "sand_normal", "variant": 3, "pos": [0, -9]}, "-1;-9": {"type": "sand_normal", "variant": 8, "pos": [-1, -9]}, "-2;-9": {"type": "sand_normal", "variant": 8, "pos": [-2, -9]}, "-2;-8": {"type": "sand_normal", "variant": 8, "pos": [-2, -8]}, "-1;-8": {"type": "sand_normal", "variant": 8, "pos": [-1, -8]}, "-1;-10": {"type": "sand_normal", "variant": 1, "pos": [-1, -10]}, "0;-10": {"type": "sand_normal", "variant": 2, "pos": [0, -10]}, "2;-5": {"type": "sand_orange", "variant": 0, "pos": [2, -5]}, "2;-4": {"type": "sand_orange", "variant": 6, "pos": [2, -4]}, "3;-4": {"type": "sand_orange", "variant": 4, "pos": [3, -4]}, "3;-5": {"type": "sand_orange", "variant": 2, "pos": [3, -5]}, "8;-11": {"type": "sand_normal", "variant": 1, "pos": [8, -11]}, "7;-11": {"type": "sand_normal", "variant": 1, "pos": [7, -11]}, "6;-11": {"type": "sand_normal", "variant": 1, "pos": [6, -11]}, "5;-11": {"type": "sand_normal", "variant": 0, "pos": [5, -11]}, "5;-10": {"type": "sand_normal", "variant": 6, "pos": [5, -10]}, "6;-10": {"type": "sand_normal", "variant": 8, "pos": [6, -10]}, "7;-10": {"type": "sand_normal", "variant": 8, "pos": [7, -10]}, "8;-10": {"type": "sand_normal", "variant": 8, "pos": [8, -10]}, "9;-10": {"type": "sand_normal", "variant": 4, "pos": [9, -10]}, "9;-11": {"type": "sand_normal", "variant": 2, "pos": [9, -11]}, "6;-9": {"type": "sand_normal", "variant": 6, "pos": [6, -9]}, "7;-9": {"type": "sand_normal", "variant": 5, "pos": [7, -9]}, "8;-9": {"type": "sand_normal", "variant": 4, "pos": [8, -9]}, "12;-3": {"type": "sand_normal", "variant": 6, "pos": [12, -3]}, "13;-3": {"type": "sand_normal", "variant": 4, "pos": [13, -3]}, "25;5": {"type": "sand_normal", "variant": 2, "pos": [25, 5]}, "25;6": {"type": "sand_normal", "variant": 3, "pos": [25, 6]}, "25;7": {"type": "sand_normal", "variant": 4, "pos": [25, 7]}, "20;11": {"type": "sand_orange", "variant": 1, "pos": [20, 11]}, "19;12": {"type": "sand_orange", "variant": 7, "pos": [19, 12]}, "19;13": {"type": "sand_orange", "variant": 6, "pos": [19, 13]}, "20;13": {"type": "sand_orange", "variant": 5, "pos": [20, 13]}, "21;13": {"type": "sand_orange", "variant": 5, "pos": [21, 13]}, "22;13": {"type": "sand_orange", "variant": 4, "pos": [22, 13]}, "22;12": {"type": "sand_orange", "variant": 3, "pos": [22, 12]}, "21;11": {"type": "sand_orange", "variant": 1, "pos": [21, 11]}, "20;12": {"type": "sand_orange", "variant": 8, "pos": [20, 12]}, "21;12": {"type": "sand_orange", "variant": 8, "pos": [21, 12]}, "13;16": {"type": "spawners", "variant": 2, "pos": [13, 16]}, "21;10": {"type": "spawners", "variant": 2, "pos": [21, 10]}, "4;4": {"type": "spawners", "variant": 2, "pos": [4, 4]}, "6;4": {"type": "spawners", "variant": 2, "pos": [6, 4]}, "23;4": {"type": "spawners", "variant": 2, "pos": [23, 4]}, "18;-2": {"type": "spawners", "variant": 2, "pos": [18, -2]}, "13;-6": {"type": "spawners", "variant": 2, "pos": [13, -6]}, "5;-2": {"type": "spawners", "variant": 2, "pos": [5, -2]}, "-8;-1": {"type": "spawners", "variant": 2, "pos": [-8, -1]}, "-1;-11": {"type": "spawners", "variant": 2, "pos": [-1, -11]}, "6;-12": {"type": "spawners", "variant": 2, "pos": [6, -12]}, "11;17": {"type": "sand_orange", "variant": 0, "pos": [11, 17]}, "12;17": {"type": "sand_orange", "variant": 1, "pos": [12, 17]}, "13;17": {"type": "sand_orange", "variant": 1, "pos": [13, 17]}, "14;17": {"type": "sand_orange", "variant": 2, "pos": [14, 17]}, "11;18": {"type": "sand_orange", "variant": 7, "pos": [11, 18]}, "11;19": {"type": "sand_orange", "variant": 6, "pos": [11, 19]}, "12;19": {"type": "sand_orange", "variant": 5, "pos": [12, 19]}, "13;19": {"type": "sand_orange", "variant": 5, "pos": [13, 19]}, "14;19": {"type": "sand_orange", "variant": 4, "pos": [14, 19]}, "14;18": {"type": "sand_orange", "variant": 3, "pos": [14, 18]}, "13;18": {"type": "sand_orange", "variant": 8, "pos": [13, 18]}, "12;18": {"type": "sand_orange", "variant": 8, "pos": [12, 18]}, "19;11": {"type": "sand_orange", "variant": 0, "pos": [19, 11]}, "22;11": {"type": "sand_orange", "variant": 2, "pos": [22, 11]}, "12;16": {"type": "spawners", "variant": 2, "pos": [12, 16]}, "11;0": {"type": "sand_normal", "variant": 1, "pos": [11, 0]}, "-4;-1": {"type": "decor", "variant": 8, "pos": [-4, -1]}, "0;-11": {"type": "decor", "variant": 8, "pos": [0, -11]}, "5;-12": {"type": "decor", "variant": 8, "pos": [5, -12]}, "14;16": {"type": "decor", "variant": 8, "pos": [14, 16]}, "19;-2": {"type": "decor", "variant": 8, "pos": [19, -2]}, "19;10": {"type": "decor", "variant": 8, "pos": [19, 10]}, "12;-6": {"type": "spawners", "variant": 2, "pos": [12, -6]}, "8;-12": {"type": "spawners", "variant": 2, "pos": [8, -12]}, "4;-2": {"type": "decor", "variant": 8, "pos": [4, -2]}, "11;-1": {"type": "spawners", "variant": 0, "pos": [11, -1]}}, "tile_size": 16, "offgrid": [{"type": "large_decor", "variant": 8, "pos": [-108.0, -49.0]}, {"type": "large_decor", "variant": 8, "pos": [189.0, 31.0]}, {"type": "large_decor", "variant": 8, "pos": [186.0, 221.5]}, {"type": "large_decor", "variant": 11, "pos": [107.0, 66.5]}, {"type": "large_decor", "variant": 10, "pos": [165.5, 68.5]}, {"type": "large_decor", "variant": 10, "pos": [311.0, 72.0]}, {"type": "large_decor", "variant": 9, "pos": [335.5, 71.5]}, {"type": "large_decor", "variant": 11, "pos": [274.0, 66.5]}, {"type": "large_decor", "variant": 10, "pos": [-28.5, 37.0]}, {"type": "decor", "variant": 11, "pos": [-44.0, -172.5]}, {"type": "decor", "variant": 11, "pos": [175.5, 259.5]}, {"type": "decor", "variant": 10, "pos": [330.5, 67.5]}, {"type": "decor", "variant": 9, "pos": [109.5, -188.5]}, {"type": "decor", "variant": 9, "pos": [-157.0, -12.0]}, {"type": "decor", "variant": 7, "pos": [175.5, -9.5]}, {"type": "decor", "variant": 6, "pos": [170.5, -7.0]}, {"type": "decor", "variant": 5, "pos": [-22.0, -167.0]}, {"type": "decor", "variant": 4, "pos": [-24.5, -166.0]}, {"type": "decor", "variant": 3, "pos": [45.0, -88.5]}, {"type": "decor", "variant": 2, "pos": [38.0, -89.0]}, {"type": "decor", "variant": 0, "pos": [-80.0, -3.5]}, {"type": "decor", "variant": 0, "pos": [-68.0, -3.5]}, {"type": "decor", "variant": 1, "pos": [-77.5, -3.5]}, {"type": "large_decor", "variant": 11, "pos": [193.0, -94.5]}, {"type": "large_decor", "variant": 10, "pos": [178.5, -91.0]}, {"type": "large_decor", "variant": 9, "pos": [95.5, -183.0]}, {"type": "large_decor", "variant": 9, "pos": [110.0, -182.5]}, {"type": "large_decor", "variant": 8, "pos": [105.5, -224.0]}, {"type": "large_decor", "variant": 6, "pos": [129.5, -186.5]}, {"type": "large_decor", "variant": 6, "pos": [138.5, -187.5]}, {"type": "decor", "variant": 5, "pos": [95.0, -24.5]}, {"type": "decor", "variant": 4, "pos": [92.0, -21.0]}]}