{"tilemap": {"-2;2": {"type": "stone", "variant": 1, "pos": [-2, 2]}, "-1;2": {"type": "stone", "variant": 1, "pos": [-1, 2]}, "0;2": {"type": "stone", "variant": 8, "pos": [0, 2]}, "1;2": {"type": "stone", "variant": 8, "pos": [1, 2]}, "2;2": {"type": "stone", "variant": 8, "pos": [2, 2]}, "3;2": {"type": "stone", "variant": 8, "pos": [3, 2]}, "4;2": {"type": "stone", "variant": 8, "pos": [4, 2]}, "5;2": {"type": "stone", "variant": 8, "pos": [5, 2]}, "6;2": {"type": "stone", "variant": 8, "pos": [6, 2]}, "7;3": {"type": "stone", "variant": 8, "pos": [7, 3]}, "8;3": {"type": "stone", "variant": 8, "pos": [8, 3]}, "9;3": {"type": "stone", "variant": 8, "pos": [9, 3]}, "8;2": {"type": "stone", "variant": 1, "pos": [8, 2]}, "7;2": {"type": "stone", "variant": 1, "pos": [7, 2]}, "5;3": {"type": "stone", "variant": 8, "pos": [5, 3]}, "4;3": {"type": "stone", "variant": 8, "pos": [4, 3]}, "3;3": {"type": "stone", "variant": 8, "pos": [3, 3]}, "2;3": {"type": "stone", "variant": 8, "pos": [2, 3]}, "1;3": {"type": "stone", "variant": 8, "pos": [1, 3]}, "0;3": {"type": "stone", "variant": 8, "pos": [0, 3]}, "-1;3": {"type": "stone", "variant": 8, "pos": [-1, 3]}, "-2;3": {"type": "stone", "variant": 8, "pos": [-2, 3]}, "-3;3": {"type": "stone", "variant": 8, "pos": [-3, 3]}, "-4;3": {"type": "stone", "variant": 1, "pos": [-4, 3]}, "6;3": {"type": "stone", "variant": 8, "pos": [6, 3]}, "-4;4": {"type": "stone", "variant": 5, "pos": [-4, 4]}, "-3;4": {"type": "stone", "variant": 5, "pos": [-3, 4]}, "-2;4": {"type": "stone", "variant": 5, "pos": [-2, 4]}, "-1;4": {"type": "stone", "variant": 5, "pos": [-1, 4]}, "0;4": {"type": "stone", "variant": 5, "pos": [0, 4]}, "1;4": {"type": "stone", "variant": 5, "pos": [1, 4]}, "2;4": {"type": "stone", "variant": 5, "pos": [2, 4]}, "3;4": {"type": "stone", "variant": 5, "pos": [3, 4]}, "4;4": {"type": "stone", "variant": 5, "pos": [4, 4]}, "5;4": {"type": "stone", "variant": 5, "pos": [5, 4]}, "6;4": {"type": "stone", "variant": 5, "pos": [6, 4]}, "7;4": {"type": "stone", "variant": 5, "pos": [7, 4]}, "8;4": {"type": "stone", "variant": 5, "pos": [8, 4]}, "9;4": {"type": "stone", "variant": 5, "pos": [9, 4]}, "10;4": {"type": "stone", "variant": 5, "pos": [10, 4]}, "10;3": {"type": "stone", "variant": 1, "pos": [10, 3]}, "-3;2": {"type": "stone", "variant": 0, "pos": [-3, 2]}, "9;2": {"type": "stone", "variant": 2, "pos": [9, 2]}, "-5;3": {"type": "stone", "variant": 1, "pos": [-5, 3]}, "-6;3": {"type": "stone", "variant": 1, "pos": [-6, 3]}, "-7;3": {"type": "stone", "variant": 1, "pos": [-7, 3]}, "-8;3": {"type": "stone", "variant": 1, "pos": [-8, 3]}, "-9;3": {"type": "stone", "variant": 1, "pos": [-9, 3]}, "-10;3": {"type": "stone", "variant": 1, "pos": [-10, 3]}, "-11;3": {"type": "stone", "variant": 0, "pos": [-11, 3]}, "-11;4": {"type": "stone", "variant": 6, "pos": [-11, 4]}, "-10;4": {"type": "stone", "variant": 5, "pos": [-10, 4]}, "-9;4": {"type": "stone", "variant": 5, "pos": [-9, 4]}, "-8;4": {"type": "stone", "variant": 5, "pos": [-8, 4]}, "-7;4": {"type": "stone", "variant": 5, "pos": [-7, 4]}, "-6;4": {"type": "stone", "variant": 5, "pos": [-6, 4]}, "-5;4": {"type": "stone", "variant": 5, "pos": [-5, 4]}, "12;3": {"type": "stone", "variant": 1, "pos": [12, 3]}, "13;3": {"type": "stone", "variant": 1, "pos": [13, 3]}, "14;3": {"type": "stone", "variant": 1, "pos": [14, 3]}, "15;3": {"type": "stone", "variant": 1, "pos": [15, 3]}, "16;3": {"type": "stone", "variant": 1, "pos": [16, 3]}, "17;3": {"type": "stone", "variant": 2, "pos": [17, 3]}, "17;4": {"type": "stone", "variant": 4, "pos": [17, 4]}, "16;4": {"type": "stone", "variant": 5, "pos": [16, 4]}, "15;4": {"type": "stone", "variant": 5, "pos": [15, 4]}, "14;4": {"type": "stone", "variant": 5, "pos": [14, 4]}, "13;4": {"type": "stone", "variant": 5, "pos": [13, 4]}, "12;4": {"type": "stone", "variant": 5, "pos": [12, 4]}, "11;3": {"type": "stone", "variant": 1, "pos": [11, 3]}, "11;4": {"type": "stone", "variant": 5, "pos": [11, 4]}, "1;1": {"type": "stone", "variant": 1, "pos": [1, 1]}, "2;1": {"type": "stone", "variant": 1, "pos": [2, 1]}, "3;1": {"type": "stone", "variant": 1, "pos": [3, 1]}, "4;1": {"type": "stone", "variant": 1, "pos": [4, 1]}, "5;1": {"type": "stone", "variant": 1, "pos": [5, 1]}, "6;1": {"type": "stone", "variant": 2, "pos": [6, 1]}, "0;1": {"type": "stone", "variant": 0, "pos": [0, 1]}, "22;-2": {"type": "stone", "variant": 1, "pos": [22, -2]}, "21;-2": {"type": "stone", "variant": 0, "pos": [21, -2]}, "21;-1": {"type": "stone", "variant": 7, "pos": [21, -1]}, "21;0": {"type": "stone", "variant": 6, "pos": [21, 0]}, "22;0": {"type": "stone", "variant": 5, "pos": [22, 0]}, "23;0": {"type": "stone", "variant": 5, "pos": [23, 0]}, "24;0": {"type": "stone", "variant": 5, "pos": [24, 0]}, "25;0": {"type": "stone", "variant": 4, "pos": [25, 0]}, "25;-1": {"type": "stone", "variant": 3, "pos": [25, -1]}, "24;-1": {"type": "stone", "variant": 8, "pos": [24, -1]}, "24;-2": {"type": "stone", "variant": 1, "pos": [24, -2]}, "23;-2": {"type": "stone", "variant": 1, "pos": [23, -2]}, "22;-1": {"type": "stone", "variant": 8, "pos": [22, -1]}, "23;-1": {"type": "stone", "variant": 8, "pos": [23, -1]}, "25;-2": {"type": "stone", "variant": 2, "pos": [25, -2]}, "16;-8": {"type": "stone", "variant": 1, "pos": [16, -8]}, "16;-7": {"type": "stone", "variant": 8, "pos": [16, -7]}, "15;-7": {"type": "stone", "variant": 8, "pos": [15, -7]}, "15;-6": {"type": "stone", "variant": 8, "pos": [15, -6]}, "17;-8": {"type": "stone", "variant": 2, "pos": [17, -8]}, "15;-8": {"type": "stone", "variant": 1, "pos": [15, -8]}, "16;-6": {"type": "stone", "variant": 8, "pos": [16, -6]}, "17;-6": {"type": "stone", "variant": 4, "pos": [17, -6]}, "17;-7": {"type": "stone", "variant": 3, "pos": [17, -7]}, "14;-8": {"type": "stone", "variant": 0, "pos": [14, -8]}, "14;-7": {"type": "stone", "variant": 7, "pos": [14, -7]}, "14;-6": {"type": "stone", "variant": 6, "pos": [14, -6]}, "15;-5": {"type": "stone", "variant": 6, "pos": [15, -5]}, "16;-5": {"type": "stone", "variant": 4, "pos": [16, -5]}, "9;-11": {"type": "stone", "variant": 1, "pos": [9, -11]}, "8;-11": {"type": "stone", "variant": 1, "pos": [8, -11]}, "7;-11": {"type": "stone", "variant": 1, "pos": [7, -11]}, "6;-11": {"type": "stone", "variant": 1, "pos": [6, -11]}, "5;-11": {"type": "stone", "variant": 1, "pos": [5, -11]}, "4;-11": {"type": "stone", "variant": 1, "pos": [4, -11]}, "3;-11": {"type": "stone", "variant": 1, "pos": [3, -11]}, "2;-11": {"type": "stone", "variant": 0, "pos": [2, -11]}, "2;-10": {"type": "stone", "variant": 7, "pos": [2, -10]}, "2;-9": {"type": "stone", "variant": 6, "pos": [2, -9]}, "3;-9": {"type": "stone", "variant": 5, "pos": [3, -9]}, "4;-9": {"type": "stone", "variant": 5, "pos": [4, -9]}, "5;-9": {"type": "stone", "variant": 5, "pos": [5, -9]}, "6;-9": {"type": "stone", "variant": 5, "pos": [6, -9]}, "7;-9": {"type": "stone", "variant": 5, "pos": [7, -9]}, "7;-10": {"type": "stone", "variant": 8, "pos": [7, -10]}, "8;-10": {"type": "stone", "variant": 8, "pos": [8, -10]}, "9;-10": {"type": "stone", "variant": 8, "pos": [9, -10]}, "10;-10": {"type": "stone", "variant": 3, "pos": [10, -10]}, "10;-9": {"type": "stone", "variant": 4, "pos": [10, -9]}, "6;-10": {"type": "stone", "variant": 8, "pos": [6, -10]}, "5;-10": {"type": "stone", "variant": 8, "pos": [5, -10]}, "4;-10": {"type": "stone", "variant": 8, "pos": [4, -10]}, "3;-10": {"type": "stone", "variant": 8, "pos": [3, -10]}, "8;-9": {"type": "stone", "variant": 5, "pos": [8, -9]}, "9;-9": {"type": "stone", "variant": 5, "pos": [9, -9]}, "10;-11": {"type": "stone", "variant": 2, "pos": [10, -11]}, "-4;-9": {"type": "stone", "variant": 2, "pos": [-4, -9]}, "-5;-9": {"type": "stone", "variant": 1, "pos": [-5, -9]}, "-6;-9": {"type": "stone", "variant": 1, "pos": [-6, -9]}, "-7;-9": {"type": "stone", "variant": 1, "pos": [-7, -9]}, "-8;-9": {"type": "stone", "variant": 1, "pos": [-8, -9]}, "-9;-9": {"type": "stone", "variant": 1, "pos": [-9, -9]}, "-10;-9": {"type": "stone", "variant": 1, "pos": [-10, -9]}, "-11;-9": {"type": "stone", "variant": 1, "pos": [-11, -9]}, "-12;-9": {"type": "stone", "variant": 1, "pos": [-12, -9]}, "-13;-9": {"type": "stone", "variant": 0, "pos": [-13, -9]}, "-13;-8": {"type": "stone", "variant": 8, "pos": [-13, -8]}, "-14;-8": {"type": "stone", "variant": 0, "pos": [-14, -8]}, "-14;-7": {"type": "stone", "variant": 6, "pos": [-14, -7]}, "-13;-7": {"type": "stone", "variant": 5, "pos": [-13, -7]}, "-12;-7": {"type": "stone", "variant": 5, "pos": [-12, -7]}, "-11;-7": {"type": "stone", "variant": 5, "pos": [-11, -7]}, "-10;-7": {"type": "stone", "variant": 5, "pos": [-10, -7]}, "-9;-7": {"type": "stone", "variant": 5, "pos": [-9, -7]}, "-8;-7": {"type": "stone", "variant": 5, "pos": [-8, -7]}, "-7;-7": {"type": "stone", "variant": 5, "pos": [-7, -7]}, "-7;-8": {"type": "stone", "variant": 8, "pos": [-7, -8]}, "-6;-8": {"type": "stone", "variant": 8, "pos": [-6, -8]}, "-5;-8": {"type": "stone", "variant": 8, "pos": [-5, -8]}, "-4;-8": {"type": "stone", "variant": 8, "pos": [-4, -8]}, "-3;-8": {"type": "stone", "variant": 2, "pos": [-3, -8]}, "-8;-8": {"type": "stone", "variant": 8, "pos": [-8, -8]}, "-9;-8": {"type": "stone", "variant": 8, "pos": [-9, -8]}, "-10;-8": {"type": "stone", "variant": 8, "pos": [-10, -8]}, "-11;-8": {"type": "stone", "variant": 8, "pos": [-11, -8]}, "-12;-8": {"type": "stone", "variant": 8, "pos": [-12, -8]}, "-6;-7": {"type": "stone", "variant": 5, "pos": [-6, -7]}, "-5;-7": {"type": "stone", "variant": 5, "pos": [-5, -7]}, "-4;-7": {"type": "stone", "variant": 5, "pos": [-4, -7]}, "-3;-7": {"type": "stone", "variant": 4, "pos": [-3, -7]}, "-16;0": {"type": "stone", "variant": 2, "pos": [-16, 0]}, "-17;0": {"type": "stone", "variant": 1, "pos": [-17, 0]}, "-18;0": {"type": "stone", "variant": 1, "pos": [-18, 0]}, "-19;1": {"type": "stone", "variant": 8, "pos": [-19, 1]}, "-18;1": {"type": "stone", "variant": 8, "pos": [-18, 1]}, "-18;2": {"type": "stone", "variant": 5, "pos": [-18, 2]}, "-17;2": {"type": "stone", "variant": 4, "pos": [-17, 2]}, "-16;1": {"type": "stone", "variant": 4, "pos": [-16, 1]}, "-19;0": {"type": "stone", "variant": 1, "pos": [-19, 0]}, "-20;0": {"type": "stone", "variant": 0, "pos": [-20, 0]}, "-20;1": {"type": "stone", "variant": 6, "pos": [-20, 1]}, "-17;1": {"type": "stone", "variant": 8, "pos": [-17, 1]}, "-19;2": {"type": "stone", "variant": 6, "pos": [-19, 2]}, "-21;-7": {"type": "stone", "variant": 1, "pos": [-21, -7]}, "-22;-7": {"type": "stone", "variant": 0, "pos": [-22, -7]}, "-22;-6": {"type": "stone", "variant": 7, "pos": [-22, -6]}, "-22;-5": {"type": "stone", "variant": 6, "pos": [-22, -5]}, "-21;-5": {"type": "stone", "variant": 5, "pos": [-21, -5]}, "-20;-5": {"type": "stone", "variant": 5, "pos": [-20, -5]}, "-20;-6": {"type": "stone", "variant": 8, "pos": [-20, -6]}, "-19;-6": {"type": "stone", "variant": 3, "pos": [-19, -6]}, "-20;-7": {"type": "stone", "variant": 1, "pos": [-20, -7]}, "-21;-6": {"type": "stone", "variant": 8, "pos": [-21, -6]}, "-19;-5": {"type": "stone", "variant": 4, "pos": [-19, -5]}, "-19;-7": {"type": "stone", "variant": 2, "pos": [-19, -7]}, "-24;0": {"type": "stone", "variant": 2, "pos": [-24, 0]}, "-24;1": {"type": "stone", "variant": 4, "pos": [-24, 1]}, "-25;1": {"type": "stone", "variant": 5, "pos": [-25, 1]}, "-26;1": {"type": "stone", "variant": 5, "pos": [-26, 1]}, "-27;1": {"type": "stone", "variant": 6, "pos": [-27, 1]}, "-26;0": {"type": "stone", "variant": 1, "pos": [-26, 0]}, "-25;0": {"type": "stone", "variant": 1, "pos": [-25, 0]}, "-27;0": {"type": "stone", "variant": 0, "pos": [-27, 0]}, "-27;-4": {"type": "stone", "variant": 4, "pos": [-27, -4]}, "-27;-5": {"type": "stone", "variant": 2, "pos": [-27, -5]}, "-28;-5": {"type": "stone", "variant": 1, "pos": [-28, -5]}, "-28;-4": {"type": "stone", "variant": 5, "pos": [-28, -4]}, "-29;-4": {"type": "stone", "variant": 6, "pos": [-29, -4]}, "-29;-5": {"type": "stone", "variant": 0, "pos": [-29, -5]}, "-12;11": {"type": "stone", "variant": 1, "pos": [-12, 11]}, "-13;11": {"type": "stone", "variant": 0, "pos": [-13, 11]}, "-13;12": {"type": "stone", "variant": 7, "pos": [-13, 12]}, "-12;12": {"type": "stone", "variant": 8, "pos": [-12, 12]}, "-12;13": {"type": "stone", "variant": 5, "pos": [-12, 13]}, "-11;13": {"type": "stone", "variant": 4, "pos": [-11, 13]}, "-11;12": {"type": "stone", "variant": 3, "pos": [-11, 12]}, "-13;13": {"type": "stone", "variant": 6, "pos": [-13, 13]}, "-11;11": {"type": "stone", "variant": 2, "pos": [-11, 11]}, "-6;9": {"type": "stone", "variant": 7, "pos": [-6, 9]}, "-5;9": {"type": "stone", "variant": 8, "pos": [-5, 9]}, "-4;9": {"type": "stone", "variant": 3, "pos": [-4, 9]}, "-5;8": {"type": "stone", "variant": 1, "pos": [-5, 8]}, "-6;8": {"type": "stone", "variant": 0, "pos": [-6, 8]}, "-4;8": {"type": "stone", "variant": 2, "pos": [-4, 8]}, "-6;10": {"type": "stone", "variant": 6, "pos": [-6, 10]}, "-5;10": {"type": "stone", "variant": 5, "pos": [-5, 10]}, "-4;10": {"type": "stone", "variant": 4, "pos": [-4, 10]}, "1;7": {"type": "stone", "variant": 1, "pos": [1, 7]}, "1;8": {"type": "stone", "variant": 8, "pos": [1, 8]}, "0;8": {"type": "stone", "variant": 6, "pos": [0, 8]}, "0;7": {"type": "stone", "variant": 0, "pos": [0, 7]}, "2;7": {"type": "stone", "variant": 1, "pos": [2, 7]}, "2;8": {"type": "stone", "variant": 8, "pos": [2, 8]}, "1;9": {"type": "stone", "variant": 6, "pos": [1, 9]}, "2;9": {"type": "stone", "variant": 4, "pos": [2, 9]}, "3;7": {"type": "stone", "variant": 2, "pos": [3, 7]}, "3;8": {"type": "stone", "variant": 4, "pos": [3, 8]}, "-2;15": {"type": "stone", "variant": 0, "pos": [-2, 15]}, "-2;16": {"type": "stone", "variant": 6, "pos": [-2, 16]}, "-1;16": {"type": "stone", "variant": 5, "pos": [-1, 16]}, "0;16": {"type": "stone", "variant": 4, "pos": [0, 16]}, "0;15": {"type": "stone", "variant": 2, "pos": [0, 15]}, "-1;15": {"type": "stone", "variant": 1, "pos": [-1, 15]}, "-7;14": {"type": "stone", "variant": 0, "pos": [-7, 14]}, "-6;14": {"type": "stone", "variant": 2, "pos": [-6, 14]}, "-6;15": {"type": "stone", "variant": 4, "pos": [-6, 15]}, "-7;15": {"type": "stone", "variant": 6, "pos": [-7, 15]}, "3;0": {"type": "spawners", "variant": 0, "pos": [3, 0]}, "12;2": {"type": "spawners", "variant": 3, "pos": [12, 2]}, "16;2": {"type": "spawners", "variant": 3, "pos": [16, 2]}, "-6;2": {"type": "spawners", "variant": 3, "pos": [-6, 2]}, "-7;2": {"type": "spawners", "variant": 3, "pos": [-7, 2]}, "-10;2": {"type": "spawners", "variant": 3, "pos": [-10, 2]}, "15;2": {"type": "spawners", "variant": 3, "pos": [15, 2]}, "-2;1": {"type": "spawners", "variant": 2, "pos": [-2, 1]}, "8;1": {"type": "spawners", "variant": 2, "pos": [8, 1]}, "-26;-1": {"type": "spawners", "variant": 3, "pos": [-26, -1]}, "-17;-1": {"type": "spawners", "variant": 3, "pos": [-17, -1]}, "-25;-1": {"type": "spawners", "variant": 2, "pos": [-25, -1]}, "-18;-1": {"type": "spawners", "variant": 2, "pos": [-18, -1]}, "-28;-6": {"type": "spawners", "variant": 2, "pos": [-28, -6]}, "-27;-6": {"type": "spawners", "variant": 3, "pos": [-27, -6]}, "-20;-8": {"type": "spawners", "variant": 3, "pos": [-20, -8]}, "-21;-8": {"type": "spawners", "variant": 3, "pos": [-21, -8]}, "-11;-10": {"type": "spawners", "variant": 3, "pos": [-11, -10]}, "-9;-10": {"type": "spawners", "variant": 3, "pos": [-9, -10]}, "-4;-10": {"type": "spawners", "variant": 2, "pos": [-4, -10]}, "-6;-10": {"type": "spawners", "variant": 2, "pos": [-6, -10]}, "4;-12": {"type": "spawners", "variant": 2, "pos": [4, -12]}, "9;-12": {"type": "spawners", "variant": 3, "pos": [9, -12]}, "8;-12": {"type": "spawners", "variant": 3, "pos": [8, -12]}, "5;-12": {"type": "spawners", "variant": 3, "pos": [5, -12]}, "6;-12": {"type": "spawners", "variant": 3, "pos": [6, -12]}, "15;-9": {"type": "spawners", "variant": 3, "pos": [15, -9]}, "22;-3": {"type": "spawners", "variant": 3, "pos": [22, -3]}, "23;-3": {"type": "spawners", "variant": 3, "pos": [23, -3]}, "1;6": {"type": "spawners", "variant": 2, "pos": [1, 6]}, "0;14": {"type": "spawners", "variant": 2, "pos": [0, 14]}, "-12;10": {"type": "spawners", "variant": 2, "pos": [-12, 10]}, "-4;7": {"type": "spawners", "variant": 2, "pos": [-4, 7]}, "-5;7": {"type": "spawners", "variant": 3, "pos": [-5, 7]}, "-14;-6": {"type": "large_decor", "variant": 21, "pos": [-14, -6]}, "7;-8": {"type": "large_decor", "variant": 21, "pos": [7, -8]}, "23;1": {"type": "large_decor", "variant": 19, "pos": [23, 1]}, "-7;13": {"type": "decor", "variant": 20, "pos": [-7, 13]}, "21;-3": {"type": "decor", "variant": 17, "pos": [21, -3]}, "10;-12": {"type": "decor", "variant": 17, "pos": [10, -12]}, "24;-3": {"type": "decor", "variant": 23, "pos": [24, -3]}, "-29;-6": {"type": "decor", "variant": 22, "pos": [-29, -6]}, "17;-9": {"type": "decor", "variant": 18, "pos": [17, -9]}, "3;-12": {"type": "decor", "variant": 18, "pos": [3, -12]}, "-10;-10": {"type": "decor", "variant": 18, "pos": [-10, -10]}, "-13;-10": {"type": "decor", "variant": 20, "pos": [-13, -10]}, "-5;-6": {"type": "decor", "variant": 15, "pos": [-5, -6]}, "-19;-1": {"type": "large_decor", "variant": 20, "pos": [-19, -1]}, "12;10": {"type": "stone", "variant": 1, "pos": [12, 10]}, "11;10": {"type": "stone", "variant": 0, "pos": [11, 10]}, "11;11": {"type": "stone", "variant": 7, "pos": [11, 11]}, "11;12": {"type": "stone", "variant": 6, "pos": [11, 12]}, "12;12": {"type": "stone", "variant": 5, "pos": [12, 12]}, "13;12": {"type": "stone", "variant": 5, "pos": [13, 12]}, "14;11": {"type": "stone", "variant": 3, "pos": [14, 11]}, "14;10": {"type": "stone", "variant": 2, "pos": [14, 10]}, "13;10": {"type": "stone", "variant": 1, "pos": [13, 10]}, "12;11": {"type": "stone", "variant": 8, "pos": [12, 11]}, "13;11": {"type": "stone", "variant": 8, "pos": [13, 11]}, "14;12": {"type": "stone", "variant": 4, "pos": [14, 12]}, "12;9": {"type": "spawners", "variant": 3, "pos": [12, 9]}}, "tile_size": 16, "offgrid": [{"type": "large_decor", "variant": 18, "pos": [11.0, 9.0]}, {"type": "large_decor", "variant": 16, "pos": [-96.0, 175.5]}, {"type": "large_decor", "variant": 15, "pos": [45.5, -13.5]}, {"type": "large_decor", "variant": 14, "pos": [-462.5, -91.0]}, {"type": "large_decor", "variant": 22, "pos": [-30.5, 234.0]}, {"type": "large_decor", "variant": 22, "pos": [-16.0, 234.0]}, {"type": "decor", "variant": 19, "pos": [30.5, 3.5]}, {"type": "decor", "variant": 13, "pos": [64.0, -139.0]}, {"type": "decor", "variant": 13, "pos": [79.0, -139.0]}, {"type": "decor", "variant": 12, "pos": [-164.0, 71.0]}, {"type": "decor", "variant": 12, "pos": [-141.0, 75.5]}, {"type": "decor", "variant": 12, "pos": [-152.0, 71.0]}, {"type": "decor", "variant": 12, "pos": [-175.5, 75.0]}, {"type": "large_decor", "variant": 17, "pos": [64.0, -128.5]}, {"type": "large_decor", "variant": 17, "pos": [19.5, 157.0]}, {"type": "decor", "variant": 3, "pos": [42.5, 103.5]}, {"type": "decor", "variant": 2, "pos": [35.0, 104.0]}, {"type": "decor", "variant": 5, "pos": [394.0, -43.0]}, {"type": "decor", "variant": 5, "pos": [409.0, -42.0]}, {"type": "decor", "variant": 4, "pos": [392.0, -39.0]}, {"type": "decor", "variant": 3, "pos": [114.5, -185.5]}, {"type": "decor", "variant": 2, "pos": [109.0, -184.5]}, {"type": "decor", "variant": 2, "pos": [104.0, -182.5]}, {"type": "decor", "variant": 7, "pos": [-299.5, -121.0]}, {"type": "decor", "variant": 6, "pos": [-304.5, -118.5]}, {"type": "decor", "variant": 7, "pos": [-425.5, -9.5]}, {"type": "decor", "variant": 6, "pos": [-428.5, -7.5]}, {"type": "decor", "variant": 6, "pos": [-418.0, -5.0]}, {"type": "decor", "variant": 5, "pos": [-174.0, 169.0]}, {"type": "decor", "variant": 4, "pos": [-177.5, 169.0]}, {"type": "large_decor", "variant": 22, "pos": [206.0, 42.5]}, {"type": "large_decor", "variant": 22, "pos": [236.5, 42.5]}, {"type": "decor", "variant": 16, "pos": [225.0, -142.5]}, {"type": "decor", "variant": 16, "pos": [399.0, -46.5]}, {"type": "decor", "variant": 16, "pos": [-385.5, -15.0]}]}