{"tilemap": {"6;7": {"type": "grass", "variant": 1, "pos": [6, 7]}, "7;7": {"type": "grass", "variant": 1, "pos": [7, 7]}, "8;7": {"type": "grass", "variant": 1, "pos": [8, 7]}, "9;7": {"type": "grass", "variant": 1, "pos": [9, 7]}, "10;7": {"type": "grass", "variant": 1, "pos": [10, 7]}, "11;7": {"type": "grass", "variant": 1, "pos": [11, 7]}, "12;7": {"type": "grass", "variant": 1, "pos": [12, 7]}, "13;7": {"type": "grass", "variant": 1, "pos": [13, 7]}, "14;8": {"type": "grass", "variant": 8, "pos": [14, 8]}, "15;8": {"type": "grass", "variant": 8, "pos": [15, 8]}, "15;9": {"type": "grass", "variant": 8, "pos": [15, 9]}, "14;9": {"type": "grass", "variant": 8, "pos": [14, 9]}, "13;9": {"type": "grass", "variant": 8, "pos": [13, 9]}, "12;9": {"type": "grass", "variant": 8, "pos": [12, 9]}, "11;9": {"type": "grass", "variant": 8, "pos": [11, 9]}, "10;9": {"type": "grass", "variant": 8, "pos": [10, 9]}, "9;9": {"type": "grass", "variant": 8, "pos": [9, 9]}, "8;9": {"type": "grass", "variant": 8, "pos": [8, 9]}, "7;8": {"type": "grass", "variant": 8, "pos": [7, 8]}, "6;8": {"type": "grass", "variant": 8, "pos": [6, 8]}, "5;8": {"type": "grass", "variant": 8, "pos": [5, 8]}, "5;9": {"type": "grass", "variant": 8, "pos": [5, 9]}, "6;9": {"type": "grass", "variant": 8, "pos": [6, 9]}, "7;10": {"type": "grass", "variant": 5, "pos": [7, 10]}, "8;10": {"type": "grass", "variant": 5, "pos": [8, 10]}, "9;8": {"type": "grass", "variant": 8, "pos": [9, 8]}, "5;7": {"type": "grass", "variant": 1, "pos": [5, 7]}, "4;7": {"type": "grass", "variant": 1, "pos": [4, 7]}, "6;10": {"type": "grass", "variant": 5, "pos": [6, 10]}, "5;10": {"type": "grass", "variant": 5, "pos": [5, 10]}, "4;8": {"type": "grass", "variant": 8, "pos": [4, 8]}, "4;9": {"type": "grass", "variant": 8, "pos": [4, 9]}, "4;10": {"type": "grass", "variant": 5, "pos": [4, 10]}, "7;9": {"type": "grass", "variant": 8, "pos": [7, 9]}, "10;8": {"type": "grass", "variant": 8, "pos": [10, 8]}, "11;8": {"type": "grass", "variant": 8, "pos": [11, 8]}, "12;8": {"type": "grass", "variant": 8, "pos": [12, 8]}, "8;8": {"type": "grass", "variant": 8, "pos": [8, 8]}, "13;8": {"type": "grass", "variant": 8, "pos": [13, 8]}, "14;10": {"type": "grass", "variant": 5, "pos": [14, 10]}, "13;10": {"type": "grass", "variant": 5, "pos": [13, 10]}, "12;10": {"type": "grass", "variant": 5, "pos": [12, 10]}, "11;10": {"type": "grass", "variant": 5, "pos": [11, 10]}, "10;10": {"type": "grass", "variant": 5, "pos": [10, 10]}, "9;10": {"type": "grass", "variant": 5, "pos": [9, 10]}, "15;10": {"type": "grass", "variant": 5, "pos": [15, 10]}, "14;7": {"type": "grass", "variant": 1, "pos": [14, 7]}, "15;7": {"type": "grass", "variant": 1, "pos": [15, 7]}, "3;9": {"type": "grass", "variant": 8, "pos": [3, 9]}, "3;8": {"type": "grass", "variant": 8, "pos": [3, 8]}, "3;7": {"type": "grass", "variant": 8, "pos": [3, 7]}, "3;6": {"type": "grass", "variant": 2, "pos": [3, 6]}, "2;6": {"type": "grass", "variant": 1, "pos": [2, 6]}, "1;6": {"type": "grass", "variant": 1, "pos": [1, 6]}, "0;6": {"type": "grass", "variant": 1, "pos": [0, 6]}, "-1;6": {"type": "grass", "variant": 1, "pos": [-1, 6]}, "-1;7": {"type": "grass", "variant": 8, "pos": [-1, 7]}, "-1;8": {"type": "grass", "variant": 5, "pos": [-1, 8]}, "0;8": {"type": "grass", "variant": 5, "pos": [0, 8]}, "1;8": {"type": "grass", "variant": 8, "pos": [1, 8]}, "2;7": {"type": "grass", "variant": 8, "pos": [2, 7]}, "1;7": {"type": "grass", "variant": 8, "pos": [1, 7]}, "0;7": {"type": "grass", "variant": 8, "pos": [0, 7]}, "2;8": {"type": "grass", "variant": 8, "pos": [2, 8]}, "16;8": {"type": "grass", "variant": 8, "pos": [16, 8]}, "17;8": {"type": "grass", "variant": 8, "pos": [17, 8]}, "17;7": {"type": "grass", "variant": 8, "pos": [17, 7]}, "18;7": {"type": "grass", "variant": 8, "pos": [18, 7]}, "17;6": {"type": "grass", "variant": 1, "pos": [17, 6]}, "16;6": {"type": "grass", "variant": 0, "pos": [16, 6]}, "16;7": {"type": "grass", "variant": 8, "pos": [16, 7]}, "16;9": {"type": "grass", "variant": 8, "pos": [16, 9]}, "17;9": {"type": "grass", "variant": 8, "pos": [17, 9]}, "18;6": {"type": "grass", "variant": 1, "pos": [18, 6]}, "19;6": {"type": "grass", "variant": 1, "pos": [19, 6]}, "19;7": {"type": "grass", "variant": 8, "pos": [19, 7]}, "20;7": {"type": "grass", "variant": 8, "pos": [20, 7]}, "20;6": {"type": "grass", "variant": 1, "pos": [20, 6]}, "21;6": {"type": "grass", "variant": 8, "pos": [21, 6]}, "21;7": {"type": "grass", "variant": 8, "pos": [21, 7]}, "18;8": {"type": "grass", "variant": 8, "pos": [18, 8]}, "3;10": {"type": "grass", "variant": 5, "pos": [3, 10]}, "2;9": {"type": "grass", "variant": 8, "pos": [2, 9]}, "16;10": {"type": "grass", "variant": 5, "pos": [16, 10]}, "18;9": {"type": "grass", "variant": 5, "pos": [18, 9]}, "19;8": {"type": "grass", "variant": 8, "pos": [19, 8]}, "22;6": {"type": "grass", "variant": 8, "pos": [22, 6]}, "22;7": {"type": "grass", "variant": 5, "pos": [22, 7]}, "20;8": {"type": "grass", "variant": 5, "pos": [20, 8]}, "8;14": {"type": "grass", "variant": 1, "pos": [8, 14]}, "9;14": {"type": "grass", "variant": 1, "pos": [9, 14]}, "10;14": {"type": "grass", "variant": 1, "pos": [10, 14]}, "11;14": {"type": "grass", "variant": 2, "pos": [11, 14]}, "11;15": {"type": "grass", "variant": 4, "pos": [11, 15]}, "10;15": {"type": "grass", "variant": 8, "pos": [10, 15]}, "9;15": {"type": "grass", "variant": 8, "pos": [9, 15]}, "8;15": {"type": "grass", "variant": 8, "pos": [8, 15]}, "7;15": {"type": "grass", "variant": 6, "pos": [7, 15]}, "7;14": {"type": "grass", "variant": 0, "pos": [7, 14]}, "-2;7": {"type": "grass", "variant": 8, "pos": [-2, 7]}, "-2;8": {"type": "grass", "variant": 6, "pos": [-2, 8]}, "-2;6": {"type": "grass", "variant": 1, "pos": [-2, 6]}, "-3;6": {"type": "grass", "variant": 0, "pos": [-3, 6]}, "-3;7": {"type": "grass", "variant": 6, "pos": [-3, 7]}, "1;9": {"type": "grass", "variant": 6, "pos": [1, 9]}, "2;10": {"type": "grass", "variant": 6, "pos": [2, 10]}, "17;10": {"type": "grass", "variant": 4, "pos": [17, 10]}, "19;9": {"type": "grass", "variant": 4, "pos": [19, 9]}, "21;8": {"type": "grass", "variant": 4, "pos": [21, 8]}, "23;6": {"type": "grass", "variant": 8, "pos": [23, 6]}, "23;7": {"type": "grass", "variant": 5, "pos": [23, 7]}, "24;6": {"type": "grass", "variant": 3, "pos": [24, 6]}, "24;7": {"type": "grass", "variant": 4, "pos": [24, 7]}, "23;5": {"type": "grass", "variant": 1, "pos": [23, 5]}, "24;5": {"type": "grass", "variant": 2, "pos": [24, 5]}, "22;5": {"type": "grass", "variant": 1, "pos": [22, 5]}, "21;5": {"type": "grass", "variant": 0, "pos": [21, 5]}, "17;0": {"type": "grass", "variant": 4, "pos": [17, 0]}, "16;0": {"type": "grass", "variant": 5, "pos": [16, 0]}, "15;0": {"type": "grass", "variant": 5, "pos": [15, 0]}, "14;0": {"type": "grass", "variant": 6, "pos": [14, 0]}, "14;-1": {"type": "grass", "variant": 0, "pos": [14, -1]}, "15;-1": {"type": "grass", "variant": 1, "pos": [15, -1]}, "16;-1": {"type": "grass", "variant": 1, "pos": [16, -1]}, "17;-1": {"type": "grass", "variant": 2, "pos": [17, -1]}, "8;-5": {"type": "grass", "variant": 1, "pos": [8, -5]}, "7;-5": {"type": "grass", "variant": 0, "pos": [7, -5]}, "7;-4": {"type": "grass", "variant": 7, "pos": [7, -4]}, "7;-3": {"type": "grass", "variant": 6, "pos": [7, -3]}, "8;-3": {"type": "grass", "variant": 5, "pos": [8, -3]}, "9;-3": {"type": "grass", "variant": 5, "pos": [9, -3]}, "10;-3": {"type": "grass", "variant": 4, "pos": [10, -3]}, "10;-4": {"type": "grass", "variant": 3, "pos": [10, -4]}, "10;-5": {"type": "grass", "variant": 2, "pos": [10, -5]}, "9;-5": {"type": "grass", "variant": 1, "pos": [9, -5]}, "8;-4": {"type": "grass", "variant": 8, "pos": [8, -4]}, "9;-4": {"type": "grass", "variant": 8, "pos": [9, -4]}, "0;-1": {"type": "grass", "variant": 7, "pos": [0, -1]}, "0;0": {"type": "grass", "variant": 6, "pos": [0, 0]}, "1;0": {"type": "grass", "variant": 5, "pos": [1, 0]}, "2;0": {"type": "grass", "variant": 5, "pos": [2, 0]}, "2;-1": {"type": "grass", "variant": 8, "pos": [2, -1]}, "3;-1": {"type": "grass", "variant": 3, "pos": [3, -1]}, "2;-2": {"type": "grass", "variant": 1, "pos": [2, -2]}, "1;-2": {"type": "grass", "variant": 1, "pos": [1, -2]}, "0;-2": {"type": "grass", "variant": 0, "pos": [0, -2]}, "1;-1": {"type": "grass", "variant": 8, "pos": [1, -1]}, "3;-2": {"type": "grass", "variant": 2, "pos": [3, -2]}, "3;0": {"type": "grass", "variant": 4, "pos": [3, 0]}, "-7;5": {"type": "grass", "variant": 4, "pos": [-7, 5]}, "-8;5": {"type": "grass", "variant": 8, "pos": [-8, 5]}, "-9;5": {"type": "grass", "variant": 8, "pos": [-9, 5]}, "-10;5": {"type": "grass", "variant": 8, "pos": [-10, 5]}, "-11;5": {"type": "grass", "variant": 6, "pos": [-11, 5]}, "-11;4": {"type": "grass", "variant": 0, "pos": [-11, 4]}, "-10;4": {"type": "grass", "variant": 1, "pos": [-10, 4]}, "-9;4": {"type": "grass", "variant": 1, "pos": [-9, 4]}, "-8;4": {"type": "grass", "variant": 1, "pos": [-8, 4]}, "-7;4": {"type": "grass", "variant": 2, "pos": [-7, 4]}, "-6;-2": {"type": "grass", "variant": 0, "pos": [-6, -2]}, "-6;-1": {"type": "grass", "variant": 6, "pos": [-6, -1]}, "-5;-1": {"type": "grass", "variant": 8, "pos": [-5, -1]}, "-5;-2": {"type": "grass", "variant": 1, "pos": [-5, -2]}, "-4;-2": {"type": "grass", "variant": 1, "pos": [-4, -2]}, "-4;-1": {"type": "grass", "variant": 8, "pos": [-4, -1]}, "-3;-2": {"type": "grass", "variant": 2, "pos": [-3, -2]}, "-3;-1": {"type": "grass", "variant": 4, "pos": [-3, -1]}, "-5;0": {"type": "grass", "variant": 6, "pos": [-5, 0]}, "-4;0": {"type": "grass", "variant": 4, "pos": [-4, 0]}, "19;22": {"type": "grass", "variant": 2, "pos": [19, 22]}, "19;23": {"type": "grass", "variant": 4, "pos": [19, 23]}, "18;23": {"type": "grass", "variant": 6, "pos": [18, 23]}, "18;22": {"type": "grass", "variant": 0, "pos": [18, 22]}, "13;30": {"type": "grass", "variant": 6, "pos": [13, 30]}, "14;30": {"type": "grass", "variant": 4, "pos": [14, 30]}, "13;29": {"type": "grass", "variant": 0, "pos": [13, 29]}, "14;29": {"type": "grass", "variant": 2, "pos": [14, 29]}, "19;35": {"type": "grass", "variant": 0, "pos": [19, 35]}, "20;35": {"type": "grass", "variant": 2, "pos": [20, 35]}, "19;36": {"type": "grass", "variant": 6, "pos": [19, 36]}, "20;36": {"type": "grass", "variant": 4, "pos": [20, 36]}, "25;43": {"type": "spawners", "variant": 2, "pos": [25, 43]}, "20;43": {"type": "spawners", "variant": 2, "pos": [20, 43]}, "20;44": {"type": "grass", "variant": 0, "pos": [20, 44]}, "25;44": {"type": "grass", "variant": 0, "pos": [25, 44]}, "20;34": {"type": "spawners", "variant": 1, "pos": [20, 34]}, "14;28": {"type": "spawners", "variant": 1, "pos": [14, 28]}, "19;21": {"type": "spawners", "variant": 1, "pos": [19, 21]}, "10;13": {"type": "spawners", "variant": 1, "pos": [10, 13]}, "8;13": {"type": "spawners", "variant": 1, "pos": [8, 13]}, "-1;5": {"type": "spawners", "variant": 1, "pos": [-1, 5]}, "1;5": {"type": "spawners", "variant": 1, "pos": [1, 5]}, "18;5": {"type": "spawners", "variant": 1, "pos": [18, 5]}, "19;5": {"type": "spawners", "variant": 1, "pos": [19, 5]}, "22;4": {"type": "spawners", "variant": 1, "pos": [22, 4]}, "15;-2": {"type": "spawners", "variant": 1, "pos": [15, -2]}, "16;-2": {"type": "spawners", "variant": 1, "pos": [16, -2]}, "9;-6": {"type": "spawners", "variant": 1, "pos": [9, -6]}, "1;-3": {"type": "spawners", "variant": 1, "pos": [1, -3]}, "-4;-3": {"type": "spawners", "variant": 1, "pos": [-4, -3]}, "0;5": {"type": "spawners", "variant": 2, "pos": [0, 5]}, "-2;5": {"type": "spawners", "variant": 2, "pos": [-2, 5]}, "-9;3": {"type": "spawners", "variant": 2, "pos": [-9, 3]}, "-10;3": {"type": "spawners", "variant": 1, "pos": [-10, 3]}, "9;6": {"type": "spawners", "variant": 0, "pos": [9, 6]}, "16;26": {"type": "grass", "variant": 0, "pos": [16, 26]}, "12;40": {"type": "grass", "variant": 0, "pos": [12, 40]}, "12;41": {"type": "grass", "variant": 6, "pos": [12, 41]}, "13;41": {"type": "grass", "variant": 4, "pos": [13, 41]}, "13;40": {"type": "grass", "variant": 2, "pos": [13, 40]}, "12;17": {"type": "grass", "variant": 0, "pos": [12, 17]}, "13;17": {"type": "grass", "variant": 2, "pos": [13, 17]}, "12;18": {"type": "grass", "variant": 6, "pos": [12, 18]}, "13;18": {"type": "grass", "variant": 4, "pos": [13, 18]}, "9;16": {"type": "grass", "variant": 5, "pos": [9, 16]}, "8;16": {"type": "grass", "variant": 6, "pos": [8, 16]}, "10;16": {"type": "grass", "variant": 4, "pos": [10, 16]}, "-9;6": {"type": "grass", "variant": 5, "pos": [-9, 6]}, "-10;6": {"type": "grass", "variant": 6, "pos": [-10, 6]}, "-8;6": {"type": "grass", "variant": 4, "pos": [-8, 6]}}, "tile_size": 16, "offgrid": [{"type": "large_decor", "variant": 15, "pos": [141.5, 84.5]}, {"type": "large_decor", "variant": 12, "pos": [48.5, -16.5]}, {"type": "large_decor", "variant": 14, "pos": [116.5, 103.5]}, {"type": "large_decor", "variant": 14, "pos": [71.5, 103.0]}, {"type": "large_decor", "variant": 1, "pos": [196.5, 91.5]}, {"type": "large_decor", "variant": 32, "pos": [208.5, 67.5]}, {"type": "large_decor", "variant": 31, "pos": [182.5, 66.0]}, {"type": "large_decor", "variant": 29, "pos": [249.5, -59.0]}, {"type": "large_decor", "variant": 30, "pos": [131.0, -122.0]}, {"type": "large_decor", "variant": 29, "pos": [107.0, -125.0]}, {"type": "large_decor", "variant": 23, "pos": [162.0, 90.0]}, {"type": "large_decor", "variant": 4, "pos": [122.0, -107.0]}, {"type": "large_decor", "variant": 3, "pos": [241.5, -35.5]}, {"type": "large_decor", "variant": 32, "pos": [-46.5, 51.0]}, {"type": "large_decor", "variant": 31, "pos": [-19.5, 49.5]}, {"type": "large_decor", "variant": 30, "pos": [-149.5, 20.5]}, {"type": "large_decor", "variant": 29, "pos": [-172.5, 18.0]}, {"type": "large_decor", "variant": 0, "pos": [-95.0, -55.5]}, {"type": "large_decor", "variant": 1, "pos": [-78.5, -58.0]}, {"type": "large_decor", "variant": 2, "pos": [-61.5, -58.0]}, {"type": "large_decor", "variant": 4, "pos": [-23.0, 66.5]}, {"type": "large_decor", "variant": 5, "pos": [-35.5, 66.0]}, {"type": "large_decor", "variant": 6, "pos": [-39.0, 85.5]}, {"type": "large_decor", "variant": 29, "pos": [23.5, -75.5]}, {"type": "large_decor", "variant": 31, "pos": [7.0, -76.0]}, {"type": "decor", "variant": 0, "pos": [222.0, 108.0]}, {"type": "decor", "variant": 29, "pos": [242.0, 106.0]}, {"type": "decor", "variant": 22, "pos": [-97.5, -43.0]}, {"type": "decor", "variant": 7, "pos": [-50.0, -41.5]}, {"type": "decor", "variant": 6, "pos": [-40.0, -38.5]}, {"type": "decor", "variant": 3, "pos": [113.5, -86.0]}, {"type": "decor", "variant": 2, "pos": [125.5, -83.0]}, {"type": "decor", "variant": 1, "pos": [272.0, -18.0]}, {"type": "decor", "variant": 1, "pos": [278.0, -19.5]}, {"type": "decor", "variant": 30, "pos": [231.0, -22.0]}, {"type": "decor", "variant": 29, "pos": [226.0, -23.5]}, {"type": "decor", "variant": 7, "pos": [-171.0, 58.0]}, {"type": "decor", "variant": 6, "pos": [-161.5, 61.0]}, {"type": "large_decor", "variant": 0, "pos": [110.0, 195.5]}, {"type": "large_decor", "variant": 1, "pos": [122.5, 196.5]}, {"type": "large_decor", "variant": 2, "pos": [139.0, 195.5]}, {"type": "large_decor", "variant": 3, "pos": [155.0, 194.5]}, {"type": "large_decor", "variant": 24, "pos": [135.0, 196.5]}, {"type": "large_decor", "variant": 10, "pos": [291.5, 342.5]}, {"type": "large_decor", "variant": 7, "pos": [-96.5, -89.0]}, {"type": "large_decor", "variant": 7, "pos": [335.0, 18.5]}, {"type": "large_decor", "variant": 6, "pos": [349.5, 69.0]}, {"type": "large_decor", "variant": 5, "pos": [353.0, 53.5]}, {"type": "large_decor", "variant": 4, "pos": [264.5, 69.0]}, {"type": "large_decor", "variant": 3, "pos": [283.5, 69.0]}, {"type": "large_decor", "variant": 0, "pos": [300.5, 68.5]}, {"type": "decor", "variant": 0, "pos": [293.5, 91.5]}, {"type": "decor", "variant": 0, "pos": [308.5, 91.0]}, {"type": "decor", "variant": 29, "pos": [319.0, 90.0]}, {"type": "decor", "variant": 29, "pos": [276.0, 90.5]}, {"type": "decor", "variant": 23, "pos": [386.5, 70.5]}]}