{"tilemap": {"1;4": {"type": "grass_2", "variant": 8, "pos": [1, 4]}, "2;4": {"type": "grass_2", "variant": 8, "pos": [2, 4]}, "3;4": {"type": "grass_2", "variant": 8, "pos": [3, 4]}, "4;4": {"type": "grass_2", "variant": 8, "pos": [4, 4]}, "6;4": {"type": "grass_2", "variant": 8, "pos": [6, 4]}, "7;4": {"type": "grass_2", "variant": 8, "pos": [7, 4]}, "8;4": {"type": "grass_2", "variant": 8, "pos": [8, 4]}, "9;4": {"type": "grass_2", "variant": 8, "pos": [9, 4]}, "10;4": {"type": "grass_2", "variant": 8, "pos": [10, 4]}, "11;4": {"type": "grass_2", "variant": 8, "pos": [11, 4]}, "12;4": {"type": "grass_2", "variant": 8, "pos": [12, 4]}, "13;4": {"type": "grass_2", "variant": 3, "pos": [13, 4]}, "5;4": {"type": "grass_2", "variant": 8, "pos": [5, 4]}, "1;5": {"type": "grass_2", "variant": 8, "pos": [1, 5]}, "2;5": {"type": "grass_2", "variant": 8, "pos": [2, 5]}, "3;5": {"type": "grass_2", "variant": 8, "pos": [3, 5]}, "4;5": {"type": "grass_2", "variant": 8, "pos": [4, 5]}, "5;5": {"type": "grass_2", "variant": 8, "pos": [5, 5]}, "6;5": {"type": "grass_2", "variant": 8, "pos": [6, 5]}, "7;5": {"type": "grass_2", "variant": 8, "pos": [7, 5]}, "8;5": {"type": "grass_2", "variant": 8, "pos": [8, 5]}, "9;5": {"type": "grass_2", "variant": 8, "pos": [9, 5]}, "10;5": {"type": "grass_2", "variant": 8, "pos": [10, 5]}, "12;5": {"type": "grass_2", "variant": 8, "pos": [12, 5]}, "13;5": {"type": "grass_2", "variant": 3, "pos": [13, 5]}, "11;5": {"type": "grass_2", "variant": 8, "pos": [11, 5]}, "13;6": {"type": "grass_2", "variant": 3, "pos": [13, 6]}, "12;6": {"type": "grass_2", "variant": 8, "pos": [12, 6]}, "11;7": {"type": "grass_2", "variant": 5, "pos": [11, 7]}, "10;7": {"type": "grass_2", "variant": 5, "pos": [10, 7]}, "9;6": {"type": "grass_2", "variant": 8, "pos": [9, 6]}, "8;6": {"type": "grass_2", "variant": 8, "pos": [8, 6]}, "7;6": {"type": "grass_2", "variant": 8, "pos": [7, 6]}, "6;6": {"type": "grass_2", "variant": 8, "pos": [6, 6]}, "5;6": {"type": "grass_2", "variant": 8, "pos": [5, 6]}, "4;6": {"type": "grass_2", "variant": 8, "pos": [4, 6]}, "4;7": {"type": "grass_2", "variant": 5, "pos": [4, 7]}, "3;7": {"type": "grass_2", "variant": 5, "pos": [3, 7]}, "3;6": {"type": "grass_2", "variant": 8, "pos": [3, 6]}, "2;6": {"type": "grass_2", "variant": 8, "pos": [2, 6]}, "1;6": {"type": "grass_2", "variant": 7, "pos": [1, 6]}, "1;7": {"type": "grass_2", "variant": 6, "pos": [1, 7]}, "2;7": {"type": "grass_2", "variant": 5, "pos": [2, 7]}, "5;7": {"type": "grass_2", "variant": 5, "pos": [5, 7]}, "6;7": {"type": "grass_2", "variant": 5, "pos": [6, 7]}, "7;7": {"type": "grass_2", "variant": 5, "pos": [7, 7]}, "8;7": {"type": "grass_2", "variant": 5, "pos": [8, 7]}, "9;7": {"type": "grass_2", "variant": 5, "pos": [9, 7]}, "10;6": {"type": "grass_2", "variant": 8, "pos": [10, 6]}, "11;6": {"type": "grass_2", "variant": 8, "pos": [11, 6]}, "12;7": {"type": "grass_2", "variant": 5, "pos": [12, 7]}, "13;7": {"type": "grass_2", "variant": 4, "pos": [13, 7]}, "-2;2": {"type": "grass_2", "variant": 8, "pos": [-2, 2]}, "-2;3": {"type": "grass_2", "variant": 8, "pos": [-2, 3]}, "-1;3": {"type": "grass_2", "variant": 8, "pos": [-1, 3]}, "-1;2": {"type": "grass_2", "variant": 8, "pos": [-1, 2]}, "0;2": {"type": "grass_2", "variant": 8, "pos": [0, 2]}, "0;3": {"type": "grass_2", "variant": 8, "pos": [0, 3]}, "0;4": {"type": "grass_2", "variant": 8, "pos": [0, 4]}, "0;5": {"type": "grass_2", "variant": 5, "pos": [0, 5]}, "1;3": {"type": "grass_2", "variant": 8, "pos": [1, 3]}, "-1;5": {"type": "grass_2", "variant": 6, "pos": [-1, 5]}, "-1;4": {"type": "grass_2", "variant": 8, "pos": [-1, 4]}, "-2;4": {"type": "grass_2", "variant": 6, "pos": [-2, 4]}, "-3;3": {"type": "grass_2", "variant": 6, "pos": [-3, 3]}, "-4;2": {"type": "grass_2", "variant": 5, "pos": [-4, 2]}, "-5;1": {"type": "grass_2", "variant": 8, "pos": [-5, 1]}, "-3;2": {"type": "grass_2", "variant": 8, "pos": [-3, 2]}, "-4;1": {"type": "grass_2", "variant": 8, "pos": [-4, 1]}, "-6;1": {"type": "grass_2", "variant": 5, "pos": [-6, 1]}, "-7;1": {"type": "grass_2", "variant": 6, "pos": [-7, 1]}, "-7;0": {"type": "grass_2", "variant": 7, "pos": [-7, 0]}, "-6;0": {"type": "grass_2", "variant": 8, "pos": [-6, 0]}, "-5;0": {"type": "grass_2", "variant": 8, "pos": [-5, 0]}, "-4;0": {"type": "grass_2", "variant": 8, "pos": [-4, 0]}, "-3;0": {"type": "grass_2", "variant": 8, "pos": [-3, 0]}, "-2;0": {"type": "grass_2", "variant": 3, "pos": [-2, 0]}, "-2;1": {"type": "grass_2", "variant": 8, "pos": [-2, 1]}, "-1;1": {"type": "grass_2", "variant": 1, "pos": [-1, 1]}, "-3;1": {"type": "grass_2", "variant": 8, "pos": [-3, 1]}, "-5;2": {"type": "grass_2", "variant": 6, "pos": [-5, 2]}, "2;3": {"type": "grass_2", "variant": 1, "pos": [2, 3]}, "1;2": {"type": "grass_2", "variant": 2, "pos": [1, 2]}, "0;1": {"type": "grass_2", "variant": 2, "pos": [0, 1]}, "3;3": {"type": "grass_2", "variant": 1, "pos": [3, 3]}, "4;3": {"type": "grass_2", "variant": 1, "pos": [4, 3]}, "5;3": {"type": "grass_2", "variant": 1, "pos": [5, 3]}, "6;3": {"type": "grass_2", "variant": 1, "pos": [6, 3]}, "7;3": {"type": "grass_2", "variant": 1, "pos": [7, 3]}, "8;3": {"type": "grass_2", "variant": 1, "pos": [8, 3]}, "10;3": {"type": "grass_2", "variant": 1, "pos": [10, 3]}, "11;3": {"type": "grass_2", "variant": 1, "pos": [11, 3]}, "12;3": {"type": "grass_2", "variant": 1, "pos": [12, 3]}, "13;3": {"type": "grass_2", "variant": 2, "pos": [13, 3]}, "17;5": {"type": "grass_2", "variant": 8, "pos": [17, 5]}, "16;6": {"type": "grass_2", "variant": 7, "pos": [16, 6]}, "17;6": {"type": "grass_2", "variant": 8, "pos": [17, 6]}, "18;6": {"type": "grass_2", "variant": 8, "pos": [18, 6]}, "18;5": {"type": "grass_2", "variant": 8, "pos": [18, 5]}, "19;5": {"type": "grass_2", "variant": 8, "pos": [19, 5]}, "17;4": {"type": "grass_2", "variant": 1, "pos": [17, 4]}, "16;5": {"type": "grass_2", "variant": 7, "pos": [16, 5]}, "18;7": {"type": "grass_2", "variant": 5, "pos": [18, 7]}, "17;7": {"type": "grass_2", "variant": 5, "pos": [17, 7]}, "16;7": {"type": "grass_2", "variant": 6, "pos": [16, 7]}, "19;7": {"type": "grass_2", "variant": 5, "pos": [19, 7]}, "19;6": {"type": "grass_2", "variant": 8, "pos": [19, 6]}, "16;4": {"type": "grass_2", "variant": 0, "pos": [16, 4]}, "18;4": {"type": "grass_2", "variant": 1, "pos": [18, 4]}, "19;4": {"type": "decor", "variant": 26, "pos": [19, 4]}, "16;0": {"type": "large_decor", "variant": 27, "pos": [16, 0]}, "9;3": {"type": "grass_2", "variant": 1, "pos": [9, 3]}, "20;4": {"type": "decor", "variant": 27, "pos": [20, 4]}, "21;4": {"type": "decor", "variant": 28, "pos": [21, 4]}, "22;4": {"type": "grass_2", "variant": 1, "pos": [22, 4]}, "23;4": {"type": "grass_2", "variant": 1, "pos": [23, 4]}, "24;5": {"type": "grass_2", "variant": 3, "pos": [24, 5]}, "24;6": {"type": "grass_2", "variant": 3, "pos": [24, 6]}, "23;6": {"type": "grass_2", "variant": 8, "pos": [23, 6]}, "22;6": {"type": "grass_2", "variant": 8, "pos": [22, 6]}, "21;6": {"type": "grass_2", "variant": 8, "pos": [21, 6]}, "20;6": {"type": "grass_2", "variant": 8, "pos": [20, 6]}, "21;5": {"type": "grass_2", "variant": 8, "pos": [21, 5]}, "22;5": {"type": "grass_2", "variant": 8, "pos": [22, 5]}, "23;5": {"type": "grass_2", "variant": 8, "pos": [23, 5]}, "20;5": {"type": "grass_2", "variant": 8, "pos": [20, 5]}, "24;4": {"type": "grass_2", "variant": 2, "pos": [24, 4]}, "20;7": {"type": "grass_2", "variant": 5, "pos": [20, 7]}, "21;7": {"type": "grass_2", "variant": 5, "pos": [21, 7]}, "22;7": {"type": "grass_2", "variant": 5, "pos": [22, 7]}, "23;7": {"type": "grass_2", "variant": 5, "pos": [23, 7]}, "24;7": {"type": "grass_2", "variant": 4, "pos": [24, 7]}, "3;-4": {"type": "grass_2", "variant": 1, "pos": [3, -4]}, "3;-3": {"type": "grass_2", "variant": 8, "pos": [3, -3]}, "2;-3": {"type": "grass_2", "variant": 7, "pos": [2, -3]}, "2;-2": {"type": "grass_2", "variant": 6, "pos": [2, -2]}, "3;-2": {"type": "grass_2", "variant": 5, "pos": [3, -2]}, "4;-2": {"type": "grass_2", "variant": 5, "pos": [4, -2]}, "4;-3": {"type": "grass_2", "variant": 8, "pos": [4, -3]}, "4;-4": {"type": "grass_2", "variant": 1, "pos": [4, -4]}, "2;-4": {"type": "grass_2", "variant": 0, "pos": [2, -4]}, "5;-2": {"type": "grass_2", "variant": 4, "pos": [5, -2]}, "5;-3": {"type": "grass_2", "variant": 3, "pos": [5, -3]}, "5;-4": {"type": "grass_2", "variant": 2, "pos": [5, -4]}, "-7;-1": {"type": "grass_2", "variant": 7, "pos": [-7, -1]}, "-6;-1": {"type": "grass_2", "variant": 8, "pos": [-6, -1]}, "-5;-1": {"type": "grass_2", "variant": 8, "pos": [-5, -1]}, "-4;-1": {"type": "grass_2", "variant": 8, "pos": [-4, -1]}, "-3;-1": {"type": "grass_2", "variant": 8, "pos": [-3, -1]}, "-2;-1": {"type": "grass_2", "variant": 3, "pos": [-2, -1]}, "-2;-2": {"type": "grass_2", "variant": 2, "pos": [-2, -2]}, "-3;-2": {"type": "grass_2", "variant": 1, "pos": [-3, -2]}, "-4;-2": {"type": "grass_2", "variant": 1, "pos": [-4, -2]}, "-5;-2": {"type": "grass_2", "variant": 1, "pos": [-5, -2]}, "-6;-2": {"type": "grass_2", "variant": 1, "pos": [-6, -2]}, "-7;-2": {"type": "grass_2", "variant": 0, "pos": [-7, -2]}, "-1;0": {"type": "decor", "variant": 24, "pos": [-1, 0]}, "-1;-1": {"type": "decor", "variant": 24, "pos": [-1, -1]}, "-1;-2": {"type": "decor", "variant": 24, "pos": [-1, -2]}, "10;2": {"type": "spawners", "variant": 0, "pos": [10, 2]}, "8;33": {"type": "stone", "variant": 8, "pos": [8, 33]}, "9;33": {"type": "stone", "variant": 8, "pos": [9, 33]}, "9;32": {"type": "stone", "variant": 1, "pos": [9, 32]}, "10;32": {"type": "stone", "variant": 1, "pos": [10, 32]}, "11;32": {"type": "stone", "variant": 1, "pos": [11, 32]}, "13;32": {"type": "stone", "variant": 1, "pos": [13, 32]}, "14;32": {"type": "stone", "variant": 1, "pos": [14, 32]}, "15;32": {"type": "stone", "variant": 1, "pos": [15, 32]}, "16;32": {"type": "stone", "variant": 1, "pos": [16, 32]}, "17;32": {"type": "stone", "variant": 1, "pos": [17, 32]}, "18;32": {"type": "stone", "variant": 1, "pos": [18, 32]}, "19;32": {"type": "stone", "variant": 1, "pos": [19, 32]}, "20;33": {"type": "stone", "variant": 8, "pos": [20, 33]}, "21;33": {"type": "stone", "variant": 8, "pos": [21, 33]}, "22;33": {"type": "stone", "variant": 3, "pos": [22, 33]}, "19;33": {"type": "stone", "variant": 8, "pos": [19, 33]}, "18;33": {"type": "stone", "variant": 8, "pos": [18, 33]}, "17;33": {"type": "stone", "variant": 8, "pos": [17, 33]}, "16;33": {"type": "stone", "variant": 8, "pos": [16, 33]}, "15;33": {"type": "stone", "variant": 8, "pos": [15, 33]}, "14;33": {"type": "stone", "variant": 8, "pos": [14, 33]}, "13;33": {"type": "stone", "variant": 8, "pos": [13, 33]}, "12;33": {"type": "stone", "variant": 8, "pos": [12, 33]}, "11;33": {"type": "stone", "variant": 8, "pos": [11, 33]}, "10;33": {"type": "stone", "variant": 8, "pos": [10, 33]}, "7;33": {"type": "stone", "variant": 7, "pos": [7, 33]}, "7;32": {"type": "stone", "variant": 0, "pos": [7, 32]}, "8;32": {"type": "stone", "variant": 1, "pos": [8, 32]}, "12;32": {"type": "stone", "variant": 1, "pos": [12, 32]}, "20;32": {"type": "stone", "variant": 1, "pos": [20, 32]}, "21;32": {"type": "stone", "variant": 1, "pos": [21, 32]}, "22;32": {"type": "stone", "variant": 2, "pos": [22, 32]}, "22;34": {"type": "stone", "variant": 4, "pos": [22, 34]}, "21;34": {"type": "stone", "variant": 5, "pos": [21, 34]}, "20;34": {"type": "stone", "variant": 5, "pos": [20, 34]}, "19;34": {"type": "stone", "variant": 5, "pos": [19, 34]}, "18;34": {"type": "stone", "variant": 5, "pos": [18, 34]}, "17;34": {"type": "stone", "variant": 5, "pos": [17, 34]}, "16;34": {"type": "stone", "variant": 5, "pos": [16, 34]}, "15;34": {"type": "stone", "variant": 5, "pos": [15, 34]}, "14;34": {"type": "stone", "variant": 5, "pos": [14, 34]}, "13;34": {"type": "stone", "variant": 5, "pos": [13, 34]}, "12;34": {"type": "stone", "variant": 5, "pos": [12, 34]}, "11;34": {"type": "stone", "variant": 5, "pos": [11, 34]}, "10;34": {"type": "stone", "variant": 5, "pos": [10, 34]}, "9;34": {"type": "stone", "variant": 5, "pos": [9, 34]}, "8;34": {"type": "stone", "variant": 5, "pos": [8, 34]}, "7;34": {"type": "stone", "variant": 6, "pos": [7, 34]}, "9;35": {"type": "large_decor", "variant": 21, "pos": [9, 35]}, "21;31": {"type": "decor", "variant": 20, "pos": [21, 31]}, "47;20": {"type": "stone", "variant": 1, "pos": [47, 20]}, "46;20": {"type": "stone", "variant": 0, "pos": [46, 20]}, "46;21": {"type": "stone", "variant": 6, "pos": [46, 21]}, "47;21": {"type": "stone", "variant": 5, "pos": [47, 21]}, "48;21": {"type": "stone", "variant": 4, "pos": [48, 21]}, "48;20": {"type": "stone", "variant": 2, "pos": [48, 20]}, "47;19": {"type": "spawners", "variant": 3, "pos": [47, 19]}}, "tile_size": 16, "offgrid": [{"type": "decor", "variant": 29, "pos": [282.0, 57.5]}, {"type": "decor", "variant": 29, "pos": [364.5, 58.0]}, {"type": "decor", "variant": 30, "pos": [381.0, 55.0]}, {"type": "decor", "variant": 30, "pos": [355.0, 55.5]}, {"type": "decor", "variant": 30, "pos": [265.5, 54.5]}, {"type": "large_decor", "variant": 23, "pos": [-112.0, -56.5]}, {"type": "large_decor", "variant": 24, "pos": [363.5, 34.5]}, {"type": "large_decor", "variant": 28, "pos": [274.0, 3.5]}, {"type": "large_decor", "variant": 26, "pos": [50.5, 26.0]}, {"type": "large_decor", "variant": 27, "pos": [36.0, -13.0]}, {"type": "large_decor", "variant": 26, "pos": [29.0, 26.0]}, {"type": "decor", "variant": 29, "pos": [105.5, 40.5]}, {"type": "decor", "variant": 30, "pos": [126.0, 37.5]}, {"type": "decor", "variant": 3, "pos": [263.0, 54.5]}, {"type": "decor", "variant": 3, "pos": [273.5, 54.5]}, {"type": "decor", "variant": 2, "pos": [269.0, 55.5]}, {"type": "large_decor", "variant": 17, "pos": [310.5, 558.0]}, {"type": "large_decor", "variant": 15, "pos": [234.0, 483.5]}, {"type": "decor", "variant": 11, "pos": [250.0, 497.0]}, {"type": "large_decor", "variant": 12, "pos": [145.0, 386.0]}, {"type": "large_decor", "variant": 22, "pos": [299.5, 506.5]}, {"type": "large_decor", "variant": 14, "pos": [211.0, 501.5]}, {"type": "large_decor", "variant": 14, "pos": [166.5, 501.5]}, {"type": "large_decor", "variant": 28, "pos": [62.5, -125.0]}, {"type": "large_decor", "variant": 27, "pos": [33.5, -123.0]}, {"type": "large_decor", "variant": 26, "pos": [63.0, -78.0]}, {"type": "large_decor", "variant": 26, "pos": [34.5, -79.0]}, {"type": "large_decor", "variant": 26, "pos": [-56.0, -53.0]}, {"type": "large_decor", "variant": 26, "pos": [-83.0, -47.0]}, {"type": "decor", "variant": 30, "pos": [-45.0, -41.0]}, {"type": "decor", "variant": 30, "pos": [-69.0, -42.0]}, {"type": "decor", "variant": 29, "pos": [-58.0, -42.0]}, {"type": "decor", "variant": 29, "pos": [-76.0, -40.0]}, {"type": "decor", "variant": 1, "pos": [63.5, -71.5]}, {"type": "decor", "variant": 0, "pos": [52.0, -70.0]}, {"type": "decor", "variant": 0, "pos": [144.0, 43.0]}, {"type": "decor", "variant": 1, "pos": [117.0, 41.5]}, {"type": "decor", "variant": 3, "pos": [202.5, 37.5]}, {"type": "decor", "variant": 2, "pos": [196.5, 39.5]}]}